"year","theodore","abraham","bill","franklin","john","george","barack","donald","adolf","elon","beyonce","keanu","sydney","taylor","jennifer","kendall","kylie","kim","margot","sabrina","ariana","rihanna"
1880,"232","81","53","120","9701","5152","0","46","6","0","0","0","12","37","0","0","0","0","0","0","0","0"
1881,"178","86","42","117","8794","4694","0","27","0","0","0","0","6","39","0","0","0","0","0","0","0","0"
1882,"232","91","61","112","9597","5225","0","48","5","0","0","0","10","27","0","0","0","0","0","0","0","0"
1883,"185","52","50","94","8934","4758","0","52","6","0","0","0","11","27","0","0","0","0","0","0","0","0"
1884,"211","67","82","93","9428","5001","0","59","6","0","0","0","13","21","0","0","0","0","0","0","0","0"
1885,"199","86","66","117","8801","4703","0","47","7","5","0","0","25","26","0","0","0","0","0","0","0","0"
1886,"258","77","64","127","9074","4709","0","57","0","0","0","0","18","22","0","0","0","0","0","0","0","0"
1887,"201","75","63","89","8166","4318","0","60","0","0","0","0","14","20","0","0","0","0","0","0","0","0"
1888,"249","78","58","129","9299","4948","0","77","0","0","0","0","24","29","0","0","0","0","0","0","0","0"
1889,"231","83","61","100","8600","4472","0","75","0","0","0","0","18","28","0","0","0","0","0","0","0","0"
1890,"190","70","72","90","8558","4495","0","114","0","0","0","0","17","22","0","0","0","0","0","0","0","0"
1891,"224","62","65","109","7724","3954","0","100","10","0","0","0","8","22","0","0","0","0","0","0","0","0"
1892,"239","99","75","109","9093","4800","0","137","5","0","0","0","21","29","0","0","0","0","0","0","0","0"
1893,"209","103","71","99","8110","4345","0","166","0","5","0","0","23","26","0","0","0","0","0","0","0","0"
1894,"241","73","73","84","8297","4397","0","169","5","0","0","0","21","22","0","0","0","0","5","0","0","0"
1895,"208","94","90","103","8381","4335","0","203","0","0","0","0","24","26","0","0","0","0","0","0","0","0"
1896,"241","109","86","96","8188","4318","0","211","5","0","0","0","21","32","0","0","0","0","5","0","0","0"
1897,"215","62","84","68","7596","4104","0","195","8","0","0","0","15","32","0","0","0","0","0","0","0","0"
1898,"281","92","90","112","8214","4904","0","238","0","0","0","0","11","26","0","0","0","0","0","0","0","0"
1899,"252","85","83","116","7030","4051","0","258","5","0","0","0","23","27","0","0","0","0","6","0","0","0"
1900,"429","100","196","137","9874","5442","0","328","8","0","0","0","13","48","0","0","0","0","11","0","0","0"
1901,"456","62","104","92","6939","3636","0","250","6","0","0","0","20","25","0","0","0","0","0","0","0","0"
1902,"642","82","138","97","7945","4255","0","366","8","0","0","0","18","20","0","0","0","0","6","0","0","0"
1903,"668","95","129","116","7649","3988","0","359","5","0","0","0","28","20","0","0","0","0","0","0","0","0"
1904,"834","111","128","108","8148","4245","0","413","5","6","0","0","34","31","0","0","0","0","6","0","0","0"
1905,"834","112","147","98","8102","4288","0","425","0","0","0","0","49","30","0","0","0","0","6","0","0","0"
1906,"693","122","128","125","8307","4231","0","486","9","0","0","0","26","26","0","5","0","0","7","0","0","0"
1907,"712","148","174","122","9048","4489","0","616","5","0","0","0","27","25","0","8","0","0","9","0","0","0"
1908,"648","150","169","133","9401","4625","0","664","10","6","0","0","39","22","0","6","0","0","14","0","0","0"
1909,"603","163","210","168","9657","4725","0","725","7","0","0","0","45","35","0","0","0","0","10","0","0","0"
1910,"700","191","264","176","11538","5499","0","866","11","0","0","0","57","35","0","11","0","0","12","0","0","0"
1911,"763","292","248","220","13514","6637","0","1275","13","12","0","0","66","45","0","9","0","0","16","0","0","0"
1912,"1569","533","354","497","24700","11803","0","2879","23","8","0","0","126","57","0","17","0","5","23","0","0","0"
1913,"1656","551","477","593","29451","13951","0","3716","22","13","0","0","167","73","0","45","0","7","19","0","0","0"
1914,"1936","700","577","775","38116","17709","0","4854","37","8","0","0","203","89","0","30","0","5","36","0","0","0"
1915,"2511","790","761","1001","47776","22446","0","7136","45","16","0","0","199","107","0","45","0","5","29","0","0","0"
1916,"2649","753","865","1073","50270","23516","0","7758","55","23","0","0","244","101","0","49","0","0","32","5","0","0"
1917,"2820","731","907","1201","52105","24335","0","8758","50","18","0","0","212","119","0","45","0","0","40","0","0","0"
1918,"3159","757","1051","1280","56806","26475","0","10010","56","9","0","0","231","137","0","47","0","5","40","0","0","0"
1919,"3441","742","1207","1216","53829","25334","0","9946","46","27","0","0","201","119","6","57","0","0","38","6","0","0"
1920,"3235","656","1439","1458","57194","27057","0","11987","46","16","0","0","207","108","7","60","0","5","55","0","0","0"
1921,"3179","683","1502","1359","58501","27682","0","13833","50","22","0","0","193","109","5","67","0","7","39","0","0","0"
1922,"3230","599","1689","1327","57565","27547","0","14969","23","12","0","0","191","93","7","60","0","10","51","0","0","0"
1923,"3176","556","1851","1270","57802","27203","0","16486","41","13","0","0","178","94","9","48","0","13","36","0","0","0"
1924,"3240","554","2085","1289","59434","27570","0","18014","42","18","0","0","160","124","11","66","0","17","40","0","0","0"
1925,"3241","489","2400","1301","57562","26767","0","19298","40","18","0","0","154","87","9","71","0","8","40","0","0","0"
1926,"3146","427","2661","1209","56493","26140","0","21045","40","16","0","0","134","96","9","66","0","19","41","0","0","0"
1927,"3148","406","2891","1196","56389","26197","0","23978","36","14","0","0","150","84","5","83","0","16","45","0","0","0"
1928,"2941","401","3003","1115","54184","24621","0","25874","51","5","0","0","125","90","7","74","0","7","53","0","0","0"
1929,"2933","343","2974","1072","52523","23221","0","27351","24","11","0","0","123","91","17","64","0","21","71","0","0","0"
1930,"2978","345","3185","1087","52849","23030","0","29227","38","8","0","0","111","78","17","67","0","16","98","0","0","0"
1931,"2686","292","3243","1089","48748","20856","0","29260","25","0","0","0","116","55","26","55","0","28","67","0","0","0"
1932,"2689","275","3396","2763","48922","20613","0","29919","22","0","0","0","167","79","25","67","0","35","88","0","0","0"
1933,"2623","246","3246","5387","46450","18502","0","28583","17","10","0","0","194","71","30","87","0","37","107","0","0","0"
1934,"2541","243","3560","4173","47000","18660","0","30518","21","11","0","0","183","72","41","68","0","40","124","0","0","0"
1935,"2439","259","3294","2628","47717","18718","0","29786","16","14","0","0","173","86","36","82","0","44","113","0","0","0"
1936,"2228","214","3184","2958","47886","18324","0","28727","20","0","0","0","179","64","42","81","0","77","130","0","0","0"
1937,"2328","217","3127","2531","48973","18583","0","27949","21","0","0","0","184","85","38","84","0","83","126","0","0","0"
1938,"2369","212","3120","2036","50733","18577","0","26756","12","0","0","0","162","75","51","97","0","74","138","0","0","0"
1939,"2207","197","3170","1867","51253","18028","0","24139","16","5","0","0","156","65","62","112","0","85","119","6","0","0"
1940,"2313","219","3278","2402","54994","18444","0","23199","21","8","0","0","153","73","102","115","0","97","125","6","0","0"
1941,"2335","194","3465","2217","57741","19373","0","22704","14","8","0","0","255","71","136","127","0","92","135","7","0","0"
1942,"2671","234","3803","2375","66284","21425","0","24031","0","0","0","0","287","67","198","120","0","146","131","6","0","0"
1943,"2621","199","3997","1983","69158","21843","0","24490","8","0","0","0","266","84","337","141","0","163","134","7","0","0"
1944,"2585","194","3826","1822","66796","20547","0","23528","5","18","0","0","224","60","684","110","0","219","107","0","0","0"
1945,"2353","205","3719","1907","66314","19455","0","22185","7","7","0","0","220","72","985","144","0","265","133","0","0","0"
1946,"2618","210","4364","1733","79475","21694","0","26345","0","8","0","0","229","78","1739","147","0","597","106","0","0","0"
1947,"2933","242","4688","1782","88527","24036","0","28323","5","5","0","0","223","84","2010","168","0","789","96","5","0","0"
1948,"2841","251","3934","1556","83026","22055","0","26490","5","0","0","0","208","86","1882","172","0","749","129","10","0","0"
1949,"3047","287","2774","1627","81377","21417","0","27189","10","5","0","0","262","97","2618","177","0","890","110","0","0","0"
1950,"2968","300","2046","1632","79592","20293","0","27050","9","13","0","0","280","83","2810","173","0","1080","97","12","0","0"
1951,"3223","285","1653","1702","81771","20323","0","27981","6","10","0","0","265","74","2982","155","0","2044","133","13","0","0"
1952,"3280","254","1593","1729","83337","19929","0","28341","7","5","0","0","267","102","3533","205","0","3648","127","18","0","0"
1953,"2950","315","1522","1764","80329","19279","0","28430","0","7","0","0","230","89","3383","221","0","4304","136","22","0","0"
1954,"3087","304","1526","1830","81353","18806","0","29345","10","0","0","0","199","88","3976","232","0","6093","105","137","0","0"
1955,"2983","285","1656","1770","80313","18274","0","27795","10","5","0","0","182","78","4123","238","0","9177","114","1121","0","0"
1956,"2960","308","1962","1806","81028","17319","0","28308","9","8","0","0","189","84","4719","337","0","12857","103","956","0","0"
1957,"2768","274","3118","1701","79258","16993","0","28002","11","5","0","0","169","95","5495","416","0","13400","104","913","5","0"
1958,"2518","283","4231","1596","76262","15721","0","25109","8","7","0","0","173","102","5895","460","0","11986","93","860","0","0"
1959,"2407","310","4602","1561","76675","15117","0","23964","12","0","0","0","199","103","6243","483","0","12699","118","859","0","0"
1960,"2393","294","4501","1548","76340","14146","0","22831","12","0","0","0","179","103","7256","557","7","13635","140","983","5","0"
1961,"2318","278","4010","1533","80255","13736","0","21485","10","17","0","0","185","112","9296","482","0","12469","133","885","0","0"
1962,"2328","278","3580","1536","78713","12606","0","20495","5","0","0","0","152","93","11001","498","6","12573","153","884","7","0"
1963,"2396","275","3202","1534","78895","12160","0","18980","12","5","0","0","208","96","11782","531","0","11531","148","884","0","0"
1964,"2179","272","2737","1510","82772","11862","0","18113","12","6","0","0","235","101","12989","658","7","10759","135","879","7","0"
1965,"2147","275","2060","1379","71745","10758","0","16094","10","6","0","0","217","81","15241","552","0","10694","112","789","14","0"
1966,"1912","253","1564","1315","65300","10011","0","14795","7","0","0","0","208","99","18267","506","5","9742","106","940","26","0"
1967,"1867","227","1282","1209","61889","9777","0","14310","0","6","0","0","184","94","18303","484","0","7865","93","2639","36","0"
1968,"1892","257","1167","1195","61206","9444","0","13435","10","0","0","0","145","142","26919","499","8","6497","92","1646","31","0"
1969,"1957","302","1081","1231","59020","9272","0","12852","9","7","0","0","137","134","33803","476","6","5811","96","1956","28","0"
1970,"1837","353","1027","1226","58781","8978","0","12461","10","12","0","0","161","138","46269","545","17","5047","86","3579","43","0"
1971,"1675","369","878","1126","51784","8285","0","10939","5","15","0","0","144","164","56965","628","20","3949","74","2423","51","0"
1972,"1419","388","686","937","43382","7221","0","9338","7","18","0","0","124","148","63790","444","37","2960","63","1889","49","0"
1973,"1350","403","525","954","39394","6652","0","8436","5","12","0","0","94","164","62668","460","36","2378","40","1611","48","0"
1974,"1288","462","472","918","37866","6338","0","7805","0","6","0","0","85","220","63292","443","40","2097","46","1325","54","0"
1975,"1202","506","409","869","35310","5901","0","7254","6","10","0","0","121","219","58415","367","44","1645","55","1332","70","0"
1976,"1187","571","364","812","34186","5585","0","6851","5","10","0","0","148","308","59673","352","35","1385","63","1867","79","0"
1977,"1231","677","324","872","34413","5659","0","6901","0","24","0","0","126","441","59143","331","52","1214","57","4328","105","0"
1978,"1224","699","267","848","34236","5336","0","6461","0","19","0","0","144","465","56517","448","520","946","67","3358","153","0"
1979,"1245","744","273","862","35653","5312","0","6571","5","12","0","0","138","597","56917","451","501","894","66","2887","136","0"
1980,"1200","779","251","890","35525","5338","0","6315","5","14","0","0","157","851","58585","560","336","715","91","2788","311","0"
1981,"1144","813","231","814","35063","5198","0","5950","0","13","0","0","193","1162","57238","561","234","644","83","2512","353","0"
1982,"1195","847","244","866","34932","5041","0","5758","0","14","0","0","209","1552","57303","642","244","563","115","2378","373","0"
1983,"1167","782","205","742","33420","4536","0","5374","7","20","0","0","232","1741","54549","606","260","492","90","2566","380","0"
1984,"1074","861","166","806","32848","4297","0","5098","0","29","0","0","324","2284","50768","899","322","481","104","2318","363","0"
1985,"1227","857","176","820","31735","4296","0","4787","0","16","0","0","475","2846","42822","913","367","440","112","2279","375","0"
1986,"1269","918","136","795","30429","4380","0","4695","0","36","0","0","506","3248","36350","1020","460","362","104","2321","426","0"
1987,"1229","916","137","817","29752","4123","0","4543","0","58","0","0","701","4138","32823","1242","501","356","101","2553","523","0"
1988,"1248","974","145","840","29594","4333","0","4364","0","15","0","0","971","6293","28007","1237","847","343","92","2445","643","0"
1989,"1293","1006","129","905","29987","4539","0","4341","0","13","0","0","1276","8928","24152","1312","1947","331","88","2590","985","0"
1990,"1231","1140","112","861","29170","4582","0","4188","5","25","0","8","2104","13841","22323","1510","1627","322","87","2734","1267","0"
1991,"1098","1167","128","860","27872","4199","0","3659","0","17","0","86","2456","18225","20739","1511","1502","267","101","2910","1568","0"
1992,"1093","1143","138","854","26309","3906","0","3266","0","14","0","117","2800","23193","17877","1533","1568","227","104","2959","1376","0"
1993,"1036","1177","145","709","25065","3529","0","3008","0","24","0","115","3164","28958","15799","2236","1457","224","101","3332","1539","0"
1994,"941","1234","110","707","24235","3334","0","2657","0","33","0","208","4823","27360","14045","2597","2053","207","85","3391","1879","0"
1995,"956","1288","101","662","23289","3302","0","2260","0","27","0","387","7463","25947","12738","2266","3163","166","91","3544","1955","0"
1996,"905","1336","116","694","22225","3244","0","2191","0","20","0","303","7387","23953","11767","2144","2809","176","105","5786","2044","0"
1997,"956","1428","103","590","21415","3184","0","1979","0","17","0","209","8150","23837","11877","2262","2755","130","89","5823","2319","0"
1998,"984","1548","100","636","20660","3049","0","1862","0","34","18","157","8669","22157","10718","2342","2892","126","107","4618","2432","0"
1999,"913","1599","100","573","20405","3053","0","1747","0","35","67","190","9758","19977","10644","2068","3023","162","94","3650","2534","0"
2000,"934","1694","114","530","20142","3044","0","1609","0","28","197","236","10369","17934","9422","2384","3217","134","90","3479","3158","6"
2001,"935","1826","100","534","18936","3097","0","1470","0","48","353","277","9748","16002","8949","2102","3372","126","92","2921","3383","0"
2002,"975","1801","74","507","17498","3027","0","1289","0","34","153","217","9110","13432","8567","2167","4852","125","115","2533","3492","0"
2003,"964","1903","81","539","17279","2915","0","1308","0","24","206","213","8988","12143","7587","2676","5576","100","126","2398","3834","0"
2004,"1005","1995","89","513","16541","2749","0","1259","0","32","176","208","8469","10916","6568","2845","5597","109","107","2197","4010","0"
2005,"1095","2053","86","567","15833","2831","0","1150","0","34","106","185","7452","10252","5852","2928","4979","86","96","1984","3986","79"
2006,"1133","2209","85","622","15212","2708","0","1098","0","47","106","182","6589","10196","5285","2767","4729","95","111","1795","4243","572"
2007,"1137","2145","85","580","14469","2769","5","999","0","44","185","165","6098","9397","4660","2644","4666","114","132","1729","4337","789"
2008,"1139","2154","73","589","13358","2553","52","992","0","50","105","165","5345","9712","3812","2695","5205","71","144","1824","3922","1080"
2009,"1239","2115","58","511","12144","2387","71","839","0","37","79","164","5120","8683","2992","2850","4401","65","159","1512","3708","825"
2010,"1333","1925","53","510","11578","2381","28","765","0","50","51","162","4408","6856","2628","2766","4616","61","155","1433","3477","500"
2011,"1573","1938","42","525","11089","2325","15","788","0","47","39","163","4040","6096","2287","3004","4357","57","185","1230","3456","381"
2012,"1950","1959","41","495","10649","2339","16","729","0","47","36","151","3509","5760","1933","2996","4185","101","237","1191","3588","323"
2013,"2429","2223","50","551","10755","2559","11","711","0","43","28","110","3228","4970","1692","2894","4036","70","268","1132","4422","269"
2014,"3228","2392","47","669","10715","3007","11","738","0","98","22","142","2905","4518","1527","2753","3968","88","377","1009","5514","209"
2015,"4155","2460","33","690","10434","3053","8","696","0","97","10","198","2710","4414","1286","2501","4167","83","505","926","4980","178"
2016,"4917","2584","39","745","10072","3319","19","625","0","147","6","211","2369","3927","1168","1933","3432","60","745","881","4614","178"
2017,"5973","2333","42","717","9546","3169","11","603","0","195","0","247","2053","3282","1052","1654","2704","55","860","740","3895","162"
2018,"7088","2373","48","701","9218","3083","17","541","0","222","0","283","1793","3035","921","1463","2437","41","882","737","3744","166"
2019,"7903","2065","28","750","8877","3205","12","513","0","182","11","435","1575","2513","788","1415","2263","64","1065","788","3684","129"
2020,"8652","1900","29","726","8274","2782","8","450","0","194","5","562","1277","2215","713","1207","2022","49","1269","804","3175","144"
2021,"9608","1916","23","807","8195","2806","7","468","0","239","5","553","1269","1976","638","1231","1807","47","1530","790","2983","133"
2022,"10839","1843","26","798","8008","2640","0","403","0","196","6","491","1200","1825","630","1269","1510","50","1527","761","2863","127"
2023,"11104","1695","22","790","7809","2697","8","415","0","124","0","551","1040","1681","586","1145","1444","47","1933","776","2720","165"
2024,"12082","1737","22","854","8095","2909","7","408","0","157","0","442","1130","1291","556","1152","1599","41","2227","872","2581","115"
2025,"13362","1664","18","909","8033","2853","6","395","0","90","0","427","893","1170","501","1095","1491","40","2575","956","2219","87"
