"old_names","year","num"
"Ardeth",1880,"0"
"Ardeth",1881,"0"
"Ardeth",1882,"0"
"Ardeth",1883,"0"
"Ardeth",1884,"0"
"Ardeth",1885,"0"
"Ardeth",1886,"0"
"Ardeth",1887,"0"
"Ardeth",1888,"0"
"Ardeth",1889,"0"
"Ardeth",1890,"0"
"Ardeth",1891,"0"
"Ardeth",1892,"0"
"Ardeth",1893,"0"
"Ardeth",1894,"0"
"Ardeth",1895,"0"
"Ardeth",1896,"0"
"Ardeth",1897,"0"
"Ardeth",1898,"0"
"Ardeth",1899,"0"
"Ardeth",1900,"0"
"Ardeth",1901,"0"
"Ardeth",1902,"0"
"Ardeth",1903,"0"
"Ardeth",1904,"0"
"Ardeth",1905,"0"
"Ardeth",1906,"0"
"Ardeth",1907,"0"
"Ardeth",1908,"0"
"Ardeth",1909,"0"
"Ardeth",1910,"0"
"Ardeth",1911,"0"
"Ardeth",1912,"6"
"Ardeth",1913,"6"
"Ardeth",1914,"6"
"Ardeth",1915,"21"
"Ardeth",1916,"16"
"Ardeth",1917,"21"
"Ardeth",1918,"14"
"Ardeth",1919,"23"
"Ardeth",1920,"20"
"Ardeth",1921,"26"
"Ardeth",1922,"18"
"Ardeth",1923,"19"
"Ardeth",1924,"25"
"Ardeth",1925,"19"
"Ardeth",1926,"23"
"Ardeth",1927,"32"
"Ardeth",1928,"27"
"Ardeth",1929,"38"
"Ardeth",1930,"121"
"Ardeth",1931,"58"
"Ardeth",1932,"55"
"Ardeth",1933,"52"
"Ardeth",1934,"37"
"Ardeth",1935,"32"
"Ardeth",1936,"22"
"Ardeth",1937,"31"
"Ardeth",1938,"27"
"Ardeth",1939,"15"
"Ardeth",1940,"20"
"Ardeth",1941,"17"
"Ardeth",1942,"19"
"Ardeth",1943,"21"
"Ardeth",1944,"12"
"Ardeth",1945,"9"
"Ardeth",1946,"14"
"Ardeth",1947,"13"
"Ardeth",1948,"13"
"Ardeth",1949,"14"
"Ardeth",1950,"9"
"Ardeth",1951,"7"
"Ardeth",1952,"8"
"Ardeth",1953,"13"
"Ardeth",1954,"12"
"Ardeth",1955,"12"
"Ardeth",1956,"0"
"Ardeth",1957,"0"
"Ardeth",1958,"0"
"Ardeth",1959,"0"
"Ardeth",1960,"0"
"Ardeth",1961,"5"
"Ardeth",1962,"0"
"Ardeth",1963,"5"
"Ardeth",1964,"0"
"Ardeth",1965,"0"
"Ardeth",1966,"0"
"Ardeth",1967,"0"
"Ardeth",1968,"0"
"Ardeth",1969,"0"
"Ardeth",1970,"0"
"Ardeth",1971,"0"
"Ardeth",1972,"0"
"Ardeth",1973,"0"
"Ardeth",1974,"0"
"Ardeth",1975,"0"
"Ardeth",1976,"0"
"Ardeth",1977,"0"
"Ardeth",1978,"0"
"Ardeth",1979,"0"
"Ardeth",1980,"0"
"Ardeth",1981,"0"
"Ardeth",1982,"0"
"Ardeth",1983,"0"
"Ardeth",1984,"0"
"Ardeth",1985,"0"
"Ardeth",1986,"0"
"Ardeth",1987,"0"
"Ardeth",1988,"0"
"Ardeth",1989,"0"
"Ardeth",1990,"0"
"Ardeth",1991,"0"
"Ardeth",1992,"0"
"Ardeth",1993,"0"
"Ardeth",1994,"0"
"Ardeth",1995,"0"
"Ardeth",1996,"0"
"Ardeth",1997,"0"
"Ardeth",1998,"0"
"Ardeth",1999,"0"
"Ardeth",2000,"0"
"Ardeth",2001,"0"
"Ardeth",2002,"0"
"Ardeth",2003,"0"
"Ardeth",2004,"0"
"Ardeth",2005,"0"
"Ardeth",2006,"0"
"Ardeth",2007,"0"
"Ardeth",2008,"0"
"Ardeth",2009,"0"
"Ardeth",2010,"0"
"Ardeth",2011,"0"
"Ardeth",2012,"0"
"Ardeth",2013,"0"
"Ardeth",2014,"0"
"Ardeth",2015,"0"
"Ardeth",2016,"0"
"Ardeth",2017,"0"
"Ardeth",2018,"0"
"Ardeth",2019,"0"
"Ardeth",2020,"0"
"Ardeth",2021,"0"
"Ardeth",2022,"0"
"Ardeth",2023,"0"
"Ardeth",2024,"0"
"Ardeth",2025,"0"
"Barb",1880,"0"
"Barb",1881,"0"
"Barb",1882,"0"
"Barb",1883,"0"
"Barb",1884,"0"
"Barb",1885,"0"
"Barb",1886,"0"
"Barb",1887,"0"
"Barb",1888,"0"
"Barb",1889,"0"
"Barb",1890,"0"
"Barb",1891,"0"
"Barb",1892,"0"
"Barb",1893,"0"
"Barb",1894,"0"
"Barb",1895,"0"
"Barb",1896,"0"
"Barb",1897,"0"
"Barb",1898,"0"
"Barb",1899,"0"
"Barb",1900,"0"
"Barb",1901,"0"
"Barb",1902,"0"
"Barb",1903,"0"
"Barb",1904,"0"
"Barb",1905,"0"
"Barb",1906,"0"
"Barb",1907,"0"
"Barb",1908,"0"
"Barb",1909,"0"
"Barb",1910,"0"
"Barb",1911,"0"
"Barb",1912,"0"
"Barb",1913,"0"
"Barb",1914,"0"
"Barb",1915,"0"
"Barb",1916,"0"
"Barb",1917,"0"
"Barb",1918,"0"
"Barb",1919,"0"
"Barb",1920,"0"
"Barb",1921,"0"
"Barb",1922,"0"
"Barb",1923,"0"
"Barb",1924,"0"
"Barb",1925,"0"
"Barb",1926,"0"
"Barb",1927,"0"
"Barb",1928,"0"
"Barb",1929,"0"
"Barb",1930,"0"
"Barb",1931,"0"
"Barb",1932,"0"
"Barb",1933,"0"
"Barb",1934,"0"
"Barb",1935,"0"
"Barb",1936,"0"
"Barb",1937,"0"
"Barb",1938,"6"
"Barb",1939,"0"
"Barb",1940,"0"
"Barb",1941,"9"
"Barb",1942,"16"
"Barb",1943,"16"
"Barb",1944,"17"
"Barb",1945,"17"
"Barb",1946,"31"
"Barb",1947,"36"
"Barb",1948,"30"
"Barb",1949,"29"
"Barb",1950,"17"
"Barb",1951,"8"
"Barb",1952,"12"
"Barb",1953,"22"
"Barb",1954,"28"
"Barb",1955,"51"
"Barb",1956,"128"
"Barb",1957,"290"
"Barb",1958,"440"
"Barb",1959,"464"
"Barb",1960,"493"
"Barb",1961,"452"
"Barb",1962,"351"
"Barb",1963,"267"
"Barb",1964,"225"
"Barb",1965,"149"
"Barb",1966,"78"
"Barb",1967,"65"
"Barb",1968,"32"
"Barb",1969,"28"
"Barb",1970,"25"
"Barb",1971,"12"
"Barb",1972,"9"
"Barb",1973,"0"
"Barb",1974,"0"
"Barb",1975,"0"
"Barb",1976,"0"
"Barb",1977,"0"
"Barb",1978,"0"
"Barb",1979,"0"
"Barb",1980,"0"
"Barb",1981,"0"
"Barb",1982,"0"
"Barb",1983,"0"
"Barb",1984,"0"
"Barb",1985,"0"
"Barb",1986,"0"
"Barb",1987,"0"
"Barb",1988,"0"
"Barb",1989,"0"
"Barb",1990,"0"
"Barb",1991,"0"
"Barb",1992,"0"
"Barb",1993,"0"
"Barb",1994,"0"
"Barb",1995,"0"
"Barb",1996,"0"
"Barb",1997,"0"
"Barb",1998,"0"
"Barb",1999,"0"
"Barb",2000,"0"
"Barb",2001,"0"
"Barb",2002,"0"
"Barb",2003,"0"
"Barb",2004,"0"
"Barb",2005,"0"
"Barb",2006,"0"
"Barb",2007,"0"
"Barb",2008,"0"
"Barb",2009,"0"
"Barb",2010,"0"
"Barb",2011,"0"
"Barb",2012,"0"
"Barb",2013,"0"
"Barb",2014,"0"
"Barb",2015,"0"
"Barb",2016,"0"
"Barb",2017,"0"
"Barb",2018,"0"
"Barb",2019,"0"
"Barb",2020,"0"
"Barb",2021,"0"
"Barb",2022,"0"
"Barb",2023,"0"
"Barb",2024,"0"
"Barb",2025,"0"
"Bev",1880,"0"
"Bev",1881,"0"
"Bev",1882,"0"
"Bev",1883,"0"
"Bev",1884,"0"
"Bev",1885,"0"
"Bev",1886,"0"
"Bev",1887,"0"
"Bev",1888,"0"
"Bev",1889,"0"
"Bev",1890,"0"
"Bev",1891,"0"
"Bev",1892,"0"
"Bev",1893,"0"
"Bev",1894,"0"
"Bev",1895,"0"
"Bev",1896,"0"
"Bev",1897,"0"
"Bev",1898,"0"
"Bev",1899,"0"
"Bev",1900,"0"
"Bev",1901,"0"
"Bev",1902,"0"
"Bev",1903,"0"
"Bev",1904,"0"
"Bev",1905,"0"
"Bev",1906,"0"
"Bev",1907,"0"
"Bev",1908,"0"
"Bev",1909,"0"
"Bev",1910,"0"
"Bev",1911,"0"
"Bev",1912,"0"
"Bev",1913,"0"
"Bev",1914,"0"
"Bev",1915,"0"
"Bev",1916,"0"
"Bev",1917,"5"
"Bev",1918,"0"
"Bev",1919,"0"
"Bev",1920,"0"
"Bev",1921,"0"
"Bev",1922,"0"
"Bev",1923,"0"
"Bev",1924,"0"
"Bev",1925,"0"
"Bev",1926,"0"
"Bev",1927,"0"
"Bev",1928,"0"
"Bev",1929,"0"
"Bev",1930,"0"
"Bev",1931,"0"
"Bev",1932,"0"
"Bev",1933,"0"
"Bev",1934,"0"
"Bev",1935,"0"
"Bev",1936,"0"
"Bev",1937,"0"
"Bev",1938,"0"
"Bev",1939,"0"
"Bev",1940,"5"
"Bev",1941,"7"
"Bev",1942,"10"
"Bev",1943,"16"
"Bev",1944,"10"
"Bev",1945,"11"
"Bev",1946,"16"
"Bev",1947,"24"
"Bev",1948,"16"
"Bev",1949,"8"
"Bev",1950,"0"
"Bev",1951,"0"
"Bev",1952,"0"
"Bev",1953,"8"
"Bev",1954,"13"
"Bev",1955,"17"
"Bev",1956,"30"
"Bev",1957,"73"
"Bev",1958,"111"
"Bev",1959,"127"
"Bev",1960,"117"
"Bev",1961,"98"
"Bev",1962,"84"
"Bev",1963,"49"
"Bev",1964,"50"
"Bev",1965,"27"
"Bev",1966,"19"
"Bev",1967,"15"
"Bev",1968,"14"
"Bev",1969,"7"
"Bev",1970,"7"
"Bev",1971,"9"
"Bev",1972,"0"
"Bev",1973,"0"
"Bev",1974,"0"
"Bev",1975,"0"
"Bev",1976,"0"
"Bev",1977,"0"
"Bev",1978,"0"
"Bev",1979,"0"
"Bev",1980,"0"
"Bev",1981,"0"
"Bev",1982,"0"
"Bev",1983,"0"
"Bev",1984,"0"
"Bev",1985,"0"
"Bev",1986,"0"
"Bev",1987,"0"
"Bev",1988,"0"
"Bev",1989,"0"
"Bev",1990,"0"
"Bev",1991,"0"
"Bev",1992,"0"
"Bev",1993,"0"
"Bev",1994,"0"
"Bev",1995,"0"
"Bev",1996,"0"
"Bev",1997,"0"
"Bev",1998,"0"
"Bev",1999,"0"
"Bev",2000,"0"
"Bev",2001,"0"
"Bev",2002,"0"
"Bev",2003,"0"
"Bev",2004,"0"
"Bev",2005,"0"
"Bev",2006,"0"
"Bev",2007,"0"
"Bev",2008,"0"
"Bev",2009,"0"
"Bev",2010,"0"
"Bev",2011,"0"
"Bev",2012,"0"
"Bev",2013,"0"
"Bev",2014,"0"
"Bev",2015,"0"
"Bev",2016,"0"
"Bev",2017,"0"
"Bev",2018,"0"
"Bev",2019,"0"
"Bev",2020,"0"
"Bev",2021,"0"
"Bev",2022,"0"
"Bev",2023,"0"
"Bev",2024,"0"
"Bev",2025,"0"
"Bulah",1880,"5"
"Bulah",1881,"0"
"Bulah",1882,"10"
"Bulah",1883,"10"
"Bulah",1884,"6"
"Bulah",1885,"14"
"Bulah",1886,"11"
"Bulah",1887,"14"
"Bulah",1888,"13"
"Bulah",1889,"17"
"Bulah",1890,"17"
"Bulah",1891,"19"
"Bulah",1892,"22"
"Bulah",1893,"26"
"Bulah",1894,"21"
"Bulah",1895,"21"
"Bulah",1896,"24"
"Bulah",1897,"18"
"Bulah",1898,"19"
"Bulah",1899,"26"
"Bulah",1900,"36"
"Bulah",1901,"33"
"Bulah",1902,"30"
"Bulah",1903,"29"
"Bulah",1904,"35"
"Bulah",1905,"52"
"Bulah",1906,"44"
"Bulah",1907,"39"
"Bulah",1908,"39"
"Bulah",1909,"42"
"Bulah",1910,"55"
"Bulah",1911,"47"
"Bulah",1912,"47"
"Bulah",1913,"51"
"Bulah",1914,"85"
"Bulah",1915,"57"
"Bulah",1916,"74"
"Bulah",1917,"82"
"Bulah",1918,"86"
"Bulah",1919,"115"
"Bulah",1920,"108"
"Bulah",1921,"89"
"Bulah",1922,"85"
"Bulah",1923,"82"
"Bulah",1924,"97"
"Bulah",1925,"95"
"Bulah",1926,"81"
"Bulah",1927,"77"
"Bulah",1928,"65"
"Bulah",1929,"95"
"Bulah",1930,"76"
"Bulah",1931,"46"
"Bulah",1932,"57"
"Bulah",1933,"46"
"Bulah",1934,"44"
"Bulah",1935,"48"
"Bulah",1936,"42"
"Bulah",1937,"42"
"Bulah",1938,"24"
"Bulah",1939,"39"
"Bulah",1940,"29"
"Bulah",1941,"28"
"Bulah",1942,"24"
"Bulah",1943,"29"
"Bulah",1944,"14"
"Bulah",1945,"25"
"Bulah",1946,"19"
"Bulah",1947,"15"
"Bulah",1948,"19"
"Bulah",1949,"15"
"Bulah",1950,"16"
"Bulah",1951,"14"
"Bulah",1952,"0"
"Bulah",1953,"8"
"Bulah",1954,"9"
"Bulah",1955,"8"
"Bulah",1956,"7"
"Bulah",1957,"7"
"Bulah",1958,"0"
"Bulah",1959,"0"
"Bulah",1960,"5"
"Bulah",1961,"0"
"Bulah",1962,"0"
"Bulah",1963,"7"
"Bulah",1964,"0"
"Bulah",1965,"0"
"Bulah",1966,"0"
"Bulah",1967,"0"
"Bulah",1968,"0"
"Bulah",1969,"0"
"Bulah",1970,"0"
"Bulah",1971,"0"
"Bulah",1972,"0"
"Bulah",1973,"0"
"Bulah",1974,"0"
"Bulah",1975,"0"
"Bulah",1976,"0"
"Bulah",1977,"0"
"Bulah",1978,"0"
"Bulah",1979,"0"
"Bulah",1980,"0"
"Bulah",1981,"0"
"Bulah",1982,"0"
"Bulah",1983,"0"
"Bulah",1984,"0"
"Bulah",1985,"0"
"Bulah",1986,"0"
"Bulah",1987,"0"
"Bulah",1988,"0"
"Bulah",1989,"0"
"Bulah",1990,"0"
"Bulah",1991,"0"
"Bulah",1992,"0"
"Bulah",1993,"0"
"Bulah",1994,"0"
"Bulah",1995,"0"
"Bulah",1996,"0"
"Bulah",1997,"0"
"Bulah",1998,"0"
"Bulah",1999,"0"
"Bulah",2000,"0"
"Bulah",2001,"0"
"Bulah",2002,"0"
"Bulah",2003,"0"
"Bulah",2004,"0"
"Bulah",2005,"0"
"Bulah",2006,"0"
"Bulah",2007,"0"
"Bulah",2008,"0"
"Bulah",2009,"0"
"Bulah",2010,"0"
"Bulah",2011,"0"
"Bulah",2012,"0"
"Bulah",2013,"0"
"Bulah",2014,"0"
"Bulah",2015,"0"
"Bulah",2016,"0"
"Bulah",2017,"0"
"Bulah",2018,"0"
"Bulah",2019,"0"
"Bulah",2020,"0"
"Bulah",2021,"0"
"Bulah",2022,"0"
"Bulah",2023,"0"
"Bulah",2024,"0"
"Bulah",2025,"0"
"Deb",1880,"0"
"Deb",1881,"0"
"Deb",1882,"0"
"Deb",1883,"0"
"Deb",1884,"0"
"Deb",1885,"0"
"Deb",1886,"0"
"Deb",1887,"0"
"Deb",1888,"0"
"Deb",1889,"0"
"Deb",1890,"0"
"Deb",1891,"0"
"Deb",1892,"0"
"Deb",1893,"0"
"Deb",1894,"0"
"Deb",1895,"0"
"Deb",1896,"0"
"Deb",1897,"0"
"Deb",1898,"0"
"Deb",1899,"0"
"Deb",1900,"0"
"Deb",1901,"0"
"Deb",1902,"0"
"Deb",1903,"0"
"Deb",1904,"0"
"Deb",1905,"0"
"Deb",1906,"0"
"Deb",1907,"0"
"Deb",1908,"0"
"Deb",1909,"0"
"Deb",1910,"0"
"Deb",1911,"0"
"Deb",1912,"0"
"Deb",1913,"0"
"Deb",1914,"0"
"Deb",1915,"0"
"Deb",1916,"0"
"Deb",1917,"0"
"Deb",1918,"0"
"Deb",1919,"0"
"Deb",1920,"0"
"Deb",1921,"0"
"Deb",1922,"0"
"Deb",1923,"0"
"Deb",1924,"0"
"Deb",1925,"0"
"Deb",1926,"0"
"Deb",1927,"0"
"Deb",1928,"0"
"Deb",1929,"0"
"Deb",1930,"0"
"Deb",1931,"0"
"Deb",1932,"0"
"Deb",1933,"0"
"Deb",1934,"0"
"Deb",1935,"0"
"Deb",1936,"0"
"Deb",1937,"0"
"Deb",1938,"0"
"Deb",1939,"0"
"Deb",1940,"0"
"Deb",1941,"0"
"Deb",1942,"0"
"Deb",1943,"0"
"Deb",1944,"0"
"Deb",1945,"0"
"Deb",1946,"0"
"Deb",1947,"0"
"Deb",1948,"0"
"Deb",1949,"0"
"Deb",1950,"0"
"Deb",1951,"0"
"Deb",1952,"0"
"Deb",1953,"7"
"Deb",1954,"24"
"Deb",1955,"32"
"Deb",1956,"64"
"Deb",1957,"172"
"Deb",1958,"236"
"Deb",1959,"236"
"Deb",1960,"201"
"Deb",1961,"144"
"Deb",1962,"104"
"Deb",1963,"81"
"Deb",1964,"61"
"Deb",1965,"36"
"Deb",1966,"17"
"Deb",1967,"12"
"Deb",1968,"0"
"Deb",1969,"11"
"Deb",1970,"0"
"Deb",1971,"7"
"Deb",1972,"5"
"Deb",1973,"0"
"Deb",1974,"0"
"Deb",1975,"0"
"Deb",1976,"0"
"Deb",1977,"0"
"Deb",1978,"0"
"Deb",1979,"0"
"Deb",1980,"0"
"Deb",1981,"0"
"Deb",1982,"0"
"Deb",1983,"0"
"Deb",1984,"0"
"Deb",1985,"0"
"Deb",1986,"0"
"Deb",1987,"0"
"Deb",1988,"0"
"Deb",1989,"0"
"Deb",1990,"0"
"Deb",1991,"0"
"Deb",1992,"0"
"Deb",1993,"0"
"Deb",1994,"0"
"Deb",1995,"0"
"Deb",1996,"0"
"Deb",1997,"0"
"Deb",1998,"0"
"Deb",1999,"0"
"Deb",2000,"0"
"Deb",2001,"0"
"Deb",2002,"0"
"Deb",2003,"0"
"Deb",2004,"0"
"Deb",2005,"0"
"Deb",2006,"0"
"Deb",2007,"0"
"Deb",2008,"0"
"Deb",2009,"0"
"Deb",2010,"0"
"Deb",2011,"0"
"Deb",2012,"0"
"Deb",2013,"0"
"Deb",2014,"0"
"Deb",2015,"0"
"Deb",2016,"0"
"Deb",2017,"0"
"Deb",2018,"0"
"Deb",2019,"0"
"Deb",2020,"0"
"Deb",2021,"0"
"Deb",2022,"0"
"Deb",2023,"0"
"Deb",2024,"0"
"Deb",2025,"0"
"Doloris",1880,"0"
"Doloris",1881,"0"
"Doloris",1882,"0"
"Doloris",1883,"0"
"Doloris",1884,"0"
"Doloris",1885,"0"
"Doloris",1886,"0"
"Doloris",1887,"0"
"Doloris",1888,"0"
"Doloris",1889,"0"
"Doloris",1890,"0"
"Doloris",1891,"0"
"Doloris",1892,"0"
"Doloris",1893,"0"
"Doloris",1894,"0"
"Doloris",1895,"0"
"Doloris",1896,"0"
"Doloris",1897,"0"
"Doloris",1898,"0"
"Doloris",1899,"0"
"Doloris",1900,"0"
"Doloris",1901,"0"
"Doloris",1902,"0"
"Doloris",1903,"0"
"Doloris",1904,"0"
"Doloris",1905,"0"
"Doloris",1906,"0"
"Doloris",1907,"0"
"Doloris",1908,"0"
"Doloris",1909,"7"
"Doloris",1910,"7"
"Doloris",1911,"7"
"Doloris",1912,"7"
"Doloris",1913,"8"
"Doloris",1914,"9"
"Doloris",1915,"20"
"Doloris",1916,"21"
"Doloris",1917,"24"
"Doloris",1918,"31"
"Doloris",1919,"29"
"Doloris",1920,"49"
"Doloris",1921,"43"
"Doloris",1922,"34"
"Doloris",1923,"34"
"Doloris",1924,"61"
"Doloris",1925,"53"
"Doloris",1926,"54"
"Doloris",1927,"68"
"Doloris",1928,"70"
"Doloris",1929,"80"
"Doloris",1930,"81"
"Doloris",1931,"99"
"Doloris",1932,"107"
"Doloris",1933,"82"
"Doloris",1934,"56"
"Doloris",1935,"57"
"Doloris",1936,"52"
"Doloris",1937,"55"
"Doloris",1938,"34"
"Doloris",1939,"37"
"Doloris",1940,"38"
"Doloris",1941,"40"
"Doloris",1942,"38"
"Doloris",1943,"43"
"Doloris",1944,"32"
"Doloris",1945,"24"
"Doloris",1946,"28"
"Doloris",1947,"24"
"Doloris",1948,"19"
"Doloris",1949,"18"
"Doloris",1950,"11"
"Doloris",1951,"13"
"Doloris",1952,"14"
"Doloris",1953,"19"
"Doloris",1954,"17"
"Doloris",1955,"8"
"Doloris",1956,"16"
"Doloris",1957,"21"
"Doloris",1958,"6"
"Doloris",1959,"14"
"Doloris",1960,"8"
"Doloris",1961,"6"
"Doloris",1962,"10"
"Doloris",1963,"7"
"Doloris",1964,"9"
"Doloris",1965,"6"
"Doloris",1966,"8"
"Doloris",1967,"0"
"Doloris",1968,"0"
"Doloris",1969,"0"
"Doloris",1970,"7"
"Doloris",1971,"5"
"Doloris",1972,"0"
"Doloris",1973,"0"
"Doloris",1974,"0"
"Doloris",1975,"0"
"Doloris",1976,"0"
"Doloris",1977,"0"
"Doloris",1978,"0"
"Doloris",1979,"0"
"Doloris",1980,"0"
"Doloris",1981,"0"
"Doloris",1982,"0"
"Doloris",1983,"0"
"Doloris",1984,"0"
"Doloris",1985,"0"
"Doloris",1986,"0"
"Doloris",1987,"0"
"Doloris",1988,"0"
"Doloris",1989,"0"
"Doloris",1990,"0"
"Doloris",1991,"0"
"Doloris",1992,"0"
"Doloris",1993,"0"
"Doloris",1994,"0"
"Doloris",1995,"0"
"Doloris",1996,"0"
"Doloris",1997,"0"
"Doloris",1998,"0"
"Doloris",1999,"0"
"Doloris",2000,"0"
"Doloris",2001,"0"
"Doloris",2002,"0"
"Doloris",2003,"0"
"Doloris",2004,"0"
"Doloris",2005,"0"
"Doloris",2006,"0"
"Doloris",2007,"0"
"Doloris",2008,"0"
"Doloris",2009,"0"
"Doloris",2010,"0"
"Doloris",2011,"0"
"Doloris",2012,"0"
"Doloris",2013,"0"
"Doloris",2014,"0"
"Doloris",2015,"0"
"Doloris",2016,"0"
"Doloris",2017,"0"
"Doloris",2018,"0"
"Doloris",2019,"0"
"Doloris",2020,"0"
"Doloris",2021,"0"
"Doloris",2022,"0"
"Doloris",2023,"0"
"Doloris",2024,"0"
"Doloris",2025,"0"
"Dorla",1880,"0"
"Dorla",1881,"0"
"Dorla",1882,"0"
"Dorla",1883,"0"
"Dorla",1884,"0"
"Dorla",1885,"0"
"Dorla",1886,"0"
"Dorla",1887,"0"
"Dorla",1888,"0"
"Dorla",1889,"0"
"Dorla",1890,"0"
"Dorla",1891,"0"
"Dorla",1892,"0"
"Dorla",1893,"0"
"Dorla",1894,"0"
"Dorla",1895,"0"
"Dorla",1896,"0"
"Dorla",1897,"0"
"Dorla",1898,"0"
"Dorla",1899,"0"
"Dorla",1900,"0"
"Dorla",1901,"0"
"Dorla",1902,"0"
"Dorla",1903,"0"
"Dorla",1904,"0"
"Dorla",1905,"0"
"Dorla",1906,"0"
"Dorla",1907,"0"
"Dorla",1908,"0"
"Dorla",1909,"0"
"Dorla",1910,"0"
"Dorla",1911,"0"
"Dorla",1912,"0"
"Dorla",1913,"0"
"Dorla",1914,"0"
"Dorla",1915,"0"
"Dorla",1916,"0"
"Dorla",1917,"0"
"Dorla",1918,"0"
"Dorla",1919,"0"
"Dorla",1920,"0"
"Dorla",1921,"0"
"Dorla",1922,"0"
"Dorla",1923,"6"
"Dorla",1924,"6"
"Dorla",1925,"0"
"Dorla",1926,"0"
"Dorla",1927,"6"
"Dorla",1928,"12"
"Dorla",1929,"108"
"Dorla",1930,"171"
"Dorla",1931,"84"
"Dorla",1932,"69"
"Dorla",1933,"54"
"Dorla",1934,"58"
"Dorla",1935,"39"
"Dorla",1936,"52"
"Dorla",1937,"28"
"Dorla",1938,"20"
"Dorla",1939,"15"
"Dorla",1940,"23"
"Dorla",1941,"16"
"Dorla",1942,"13"
"Dorla",1943,"17"
"Dorla",1944,"14"
"Dorla",1945,"7"
"Dorla",1946,"0"
"Dorla",1947,"11"
"Dorla",1948,"16"
"Dorla",1949,"12"
"Dorla",1950,"15"
"Dorla",1951,"12"
"Dorla",1952,"13"
"Dorla",1953,"19"
"Dorla",1954,"6"
"Dorla",1955,"9"
"Dorla",1956,"11"
"Dorla",1957,"19"
"Dorla",1958,"16"
"Dorla",1959,"13"
"Dorla",1960,"14"
"Dorla",1961,"14"
"Dorla",1962,"13"
"Dorla",1963,"15"
"Dorla",1964,"0"
"Dorla",1965,"8"
"Dorla",1966,"9"
"Dorla",1967,"9"
"Dorla",1968,"6"
"Dorla",1969,"6"
"Dorla",1970,"5"
"Dorla",1971,"0"
"Dorla",1972,"0"
"Dorla",1973,"0"
"Dorla",1974,"0"
"Dorla",1975,"0"
"Dorla",1976,"0"
"Dorla",1977,"0"
"Dorla",1978,"0"
"Dorla",1979,"0"
"Dorla",1980,"0"
"Dorla",1981,"0"
"Dorla",1982,"0"
"Dorla",1983,"0"
"Dorla",1984,"0"
"Dorla",1985,"0"
"Dorla",1986,"0"
"Dorla",1987,"0"
"Dorla",1988,"0"
"Dorla",1989,"0"
"Dorla",1990,"0"
"Dorla",1991,"0"
"Dorla",1992,"0"
"Dorla",1993,"0"
"Dorla",1994,"0"
"Dorla",1995,"0"
"Dorla",1996,"0"
"Dorla",1997,"0"
"Dorla",1998,"0"
"Dorla",1999,"0"
"Dorla",2000,"0"
"Dorla",2001,"0"
"Dorla",2002,"0"
"Dorla",2003,"0"
"Dorla",2004,"0"
"Dorla",2005,"0"
"Dorla",2006,"0"
"Dorla",2007,"0"
"Dorla",2008,"0"
"Dorla",2009,"0"
"Dorla",2010,"0"
"Dorla",2011,"0"
"Dorla",2012,"0"
"Dorla",2013,"0"
"Dorla",2014,"0"
"Dorla",2015,"0"
"Dorla",2016,"0"
"Dorla",2017,"0"
"Dorla",2018,"0"
"Dorla",2019,"0"
"Dorla",2020,"0"
"Dorla",2021,"0"
"Dorla",2022,"0"
"Dorla",2023,"0"
"Dorla",2024,"0"
"Dorla",2025,"0"
"Dorotha",1880,"0"
"Dorotha",1881,"0"
"Dorotha",1882,"0"
"Dorotha",1883,"0"
"Dorotha",1884,"0"
"Dorotha",1885,"6"
"Dorotha",1886,"0"
"Dorotha",1887,"0"
"Dorotha",1888,"0"
"Dorotha",1889,"0"
"Dorotha",1890,"0"
"Dorotha",1891,"0"
"Dorotha",1892,"5"
"Dorotha",1893,"6"
"Dorotha",1894,"0"
"Dorotha",1895,"7"
"Dorotha",1896,"0"
"Dorotha",1897,"5"
"Dorotha",1898,"8"
"Dorotha",1899,"7"
"Dorotha",1900,"8"
"Dorotha",1901,"12"
"Dorotha",1902,"13"
"Dorotha",1903,"21"
"Dorotha",1904,"28"
"Dorotha",1905,"24"
"Dorotha",1906,"31"
"Dorotha",1907,"43"
"Dorotha",1908,"47"
"Dorotha",1909,"46"
"Dorotha",1910,"64"
"Dorotha",1911,"64"
"Dorotha",1912,"102"
"Dorotha",1913,"90"
"Dorotha",1914,"100"
"Dorotha",1915,"165"
"Dorotha",1916,"181"
"Dorotha",1917,"180"
"Dorotha",1918,"163"
"Dorotha",1919,"154"
"Dorotha",1920,"168"
"Dorotha",1921,"197"
"Dorotha",1922,"191"
"Dorotha",1923,"189"
"Dorotha",1924,"192"
"Dorotha",1925,"186"
"Dorotha",1926,"182"
"Dorotha",1927,"178"
"Dorotha",1928,"155"
"Dorotha",1929,"129"
"Dorotha",1930,"128"
"Dorotha",1931,"115"
"Dorotha",1932,"95"
"Dorotha",1933,"89"
"Dorotha",1934,"91"
"Dorotha",1935,"72"
"Dorotha",1936,"71"
"Dorotha",1937,"77"
"Dorotha",1938,"45"
"Dorotha",1939,"49"
"Dorotha",1940,"39"
"Dorotha",1941,"45"
"Dorotha",1942,"50"
"Dorotha",1943,"52"
"Dorotha",1944,"27"
"Dorotha",1945,"37"
"Dorotha",1946,"32"
"Dorotha",1947,"27"
"Dorotha",1948,"22"
"Dorotha",1949,"23"
"Dorotha",1950,"14"
"Dorotha",1951,"22"
"Dorotha",1952,"14"
"Dorotha",1953,"15"
"Dorotha",1954,"27"
"Dorotha",1955,"16"
"Dorotha",1956,"17"
"Dorotha",1957,"15"
"Dorotha",1958,"14"
"Dorotha",1959,"12"
"Dorotha",1960,"16"
"Dorotha",1961,"11"
"Dorotha",1962,"7"
"Dorotha",1963,"7"
"Dorotha",1964,"10"
"Dorotha",1965,"11"
"Dorotha",1966,"9"
"Dorotha",1967,"8"
"Dorotha",1968,"0"
"Dorotha",1969,"5"
"Dorotha",1970,"5"
"Dorotha",1971,"0"
"Dorotha",1972,"0"
"Dorotha",1973,"0"
"Dorotha",1974,"0"
"Dorotha",1975,"0"
"Dorotha",1976,"0"
"Dorotha",1977,"0"
"Dorotha",1978,"0"
"Dorotha",1979,"0"
"Dorotha",1980,"0"
"Dorotha",1981,"0"
"Dorotha",1982,"0"
"Dorotha",1983,"0"
"Dorotha",1984,"0"
"Dorotha",1985,"0"
"Dorotha",1986,"0"
"Dorotha",1987,"0"
"Dorotha",1988,"0"
"Dorotha",1989,"0"
"Dorotha",1990,"0"
"Dorotha",1991,"0"
"Dorotha",1992,"0"
"Dorotha",1993,"0"
"Dorotha",1994,"0"
"Dorotha",1995,"0"
"Dorotha",1996,"0"
"Dorotha",1997,"0"
"Dorotha",1998,"0"
"Dorotha",1999,"0"
"Dorotha",2000,"0"
"Dorotha",2001,"0"
"Dorotha",2002,"0"
"Dorotha",2003,"0"
"Dorotha",2004,"0"
"Dorotha",2005,"0"
"Dorotha",2006,"0"
"Dorotha",2007,"0"
"Dorotha",2008,"0"
"Dorotha",2009,"0"
"Dorotha",2010,"0"
"Dorotha",2011,"0"
"Dorotha",2012,"0"
"Dorotha",2013,"0"
"Dorotha",2014,"0"
"Dorotha",2015,"0"
"Dorotha",2016,"0"
"Dorotha",2017,"0"
"Dorotha",2018,"0"
"Dorotha",2019,"0"
"Dorotha",2020,"0"
"Dorotha",2021,"0"
"Dorotha",2022,"0"
"Dorotha",2023,"0"
"Dorotha",2024,"0"
"Dorotha",2025,"0"
"Florene",1880,"0"
"Florene",1881,"0"
"Florene",1882,"0"
"Florene",1883,"0"
"Florene",1884,"0"
"Florene",1885,"0"
"Florene",1886,"0"
"Florene",1887,"0"
"Florene",1888,"5"
"Florene",1889,"7"
"Florene",1890,"0"
"Florene",1891,"0"
"Florene",1892,"9"
"Florene",1893,"7"
"Florene",1894,"7"
"Florene",1895,"0"
"Florene",1896,"0"
"Florene",1897,"0"
"Florene",1898,"9"
"Florene",1899,"9"
"Florene",1900,"7"
"Florene",1901,"6"
"Florene",1902,"13"
"Florene",1903,"10"
"Florene",1904,"15"
"Florene",1905,"12"
"Florene",1906,"12"
"Florene",1907,"14"
"Florene",1908,"28"
"Florene",1909,"32"
"Florene",1910,"21"
"Florene",1911,"23"
"Florene",1912,"50"
"Florene",1913,"56"
"Florene",1914,"82"
"Florene",1915,"120"
"Florene",1916,"146"
"Florene",1917,"128"
"Florene",1918,"158"
"Florene",1919,"176"
"Florene",1920,"158"
"Florene",1921,"163"
"Florene",1922,"154"
"Florene",1923,"157"
"Florene",1924,"164"
"Florene",1925,"128"
"Florene",1926,"134"
"Florene",1927,"131"
"Florene",1928,"130"
"Florene",1929,"112"
"Florene",1930,"108"
"Florene",1931,"110"
"Florene",1932,"111"
"Florene",1933,"99"
"Florene",1934,"116"
"Florene",1935,"93"
"Florene",1936,"94"
"Florene",1937,"101"
"Florene",1938,"85"
"Florene",1939,"70"
"Florene",1940,"75"
"Florene",1941,"56"
"Florene",1942,"71"
"Florene",1943,"68"
"Florene",1944,"61"
"Florene",1945,"49"
"Florene",1946,"44"
"Florene",1947,"65"
"Florene",1948,"42"
"Florene",1949,"54"
"Florene",1950,"34"
"Florene",1951,"45"
"Florene",1952,"30"
"Florene",1953,"32"
"Florene",1954,"32"
"Florene",1955,"31"
"Florene",1956,"19"
"Florene",1957,"19"
"Florene",1958,"22"
"Florene",1959,"27"
"Florene",1960,"22"
"Florene",1961,"15"
"Florene",1962,"18"
"Florene",1963,"13"
"Florene",1964,"14"
"Florene",1965,"8"
"Florene",1966,"11"
"Florene",1967,"8"
"Florene",1968,"14"
"Florene",1969,"7"
"Florene",1970,"8"
"Florene",1971,"7"
"Florene",1972,"0"
"Florene",1973,"8"
"Florene",1974,"7"
"Florene",1975,"0"
"Florene",1976,"0"
"Florene",1977,"0"
"Florene",1978,"0"
"Florene",1979,"0"
"Florene",1980,"0"
"Florene",1981,"0"
"Florene",1982,"0"
"Florene",1983,"0"
"Florene",1984,"0"
"Florene",1985,"0"
"Florene",1986,"0"
"Florene",1987,"0"
"Florene",1988,"0"
"Florene",1989,"0"
"Florene",1990,"0"
"Florene",1991,"0"
"Florene",1992,"0"
"Florene",1993,"0"
"Florene",1994,"0"
"Florene",1995,"0"
"Florene",1996,"0"
"Florene",1997,"0"
"Florene",1998,"0"
"Florene",1999,"0"
"Florene",2000,"0"
"Florene",2001,"0"
"Florene",2002,"0"
"Florene",2003,"0"
"Florene",2004,"0"
"Florene",2005,"0"
"Florene",2006,"0"
"Florene",2007,"0"
"Florene",2008,"0"
"Florene",2009,"0"
"Florene",2010,"0"
"Florene",2011,"0"
"Florene",2012,"0"
"Florene",2013,"0"
"Florene",2014,"0"
"Florene",2015,"0"
"Florene",2016,"0"
"Florene",2017,"0"
"Florene",2018,"0"
"Florene",2019,"0"
"Florene",2020,"0"
"Florene",2021,"0"
"Florene",2022,"0"
"Florene",2023,"0"
"Florene",2024,"0"
"Florene",2025,"0"
"Floy",1880,"23"
"Floy",1881,"17"
"Floy",1882,"26"
"Floy",1883,"26"
"Floy",1884,"38"
"Floy",1885,"43"
"Floy",1886,"41"
"Floy",1887,"54"
"Floy",1888,"53"
"Floy",1889,"74"
"Floy",1890,"68"
"Floy",1891,"56"
"Floy",1892,"72"
"Floy",1893,"74"
"Floy",1894,"73"
"Floy",1895,"76"
"Floy",1896,"70"
"Floy",1897,"56"
"Floy",1898,"85"
"Floy",1899,"88"
"Floy",1900,"85"
"Floy",1901,"73"
"Floy",1902,"56"
"Floy",1903,"64"
"Floy",1904,"90"
"Floy",1905,"74"
"Floy",1906,"80"
"Floy",1907,"98"
"Floy",1908,"85"
"Floy",1909,"82"
"Floy",1910,"104"
"Floy",1911,"89"
"Floy",1912,"118"
"Floy",1913,"123"
"Floy",1914,"157"
"Floy",1915,"195"
"Floy",1916,"183"
"Floy",1917,"207"
"Floy",1918,"241"
"Floy",1919,"213"
"Floy",1920,"185"
"Floy",1921,"180"
"Floy",1922,"185"
"Floy",1923,"153"
"Floy",1924,"171"
"Floy",1925,"161"
"Floy",1926,"142"
"Floy",1927,"173"
"Floy",1928,"182"
"Floy",1929,"137"
"Floy",1930,"120"
"Floy",1931,"137"
"Floy",1932,"86"
"Floy",1933,"104"
"Floy",1934,"97"
"Floy",1935,"109"
"Floy",1936,"77"
"Floy",1937,"89"
"Floy",1938,"84"
"Floy",1939,"77"
"Floy",1940,"65"
"Floy",1941,"55"
"Floy",1942,"56"
"Floy",1943,"41"
"Floy",1944,"64"
"Floy",1945,"51"
"Floy",1946,"50"
"Floy",1947,"42"
"Floy",1948,"35"
"Floy",1949,"41"
"Floy",1950,"34"
"Floy",1951,"27"
"Floy",1952,"25"
"Floy",1953,"19"
"Floy",1954,"19"
"Floy",1955,"17"
"Floy",1956,"18"
"Floy",1957,"17"
"Floy",1958,"10"
"Floy",1959,"13"
"Floy",1960,"6"
"Floy",1961,"5"
"Floy",1962,"6"
"Floy",1963,"9"
"Floy",1964,"5"
"Floy",1965,"7"
"Floy",1966,"7"
"Floy",1967,"5"
"Floy",1968,"0"
"Floy",1969,"0"
"Floy",1970,"0"
"Floy",1971,"7"
"Floy",1972,"0"
"Floy",1973,"0"
"Floy",1974,"0"
"Floy",1975,"0"
"Floy",1976,"0"
"Floy",1977,"0"
"Floy",1978,"0"
"Floy",1979,"0"
"Floy",1980,"0"
"Floy",1981,"0"
"Floy",1982,"0"
"Floy",1983,"0"
"Floy",1984,"0"
"Floy",1985,"0"
"Floy",1986,"0"
"Floy",1987,"0"
"Floy",1988,"0"
"Floy",1989,"0"
"Floy",1990,"0"
"Floy",1991,"0"
"Floy",1992,"0"
"Floy",1993,"0"
"Floy",1994,"0"
"Floy",1995,"0"
"Floy",1996,"0"
"Floy",1997,"0"
"Floy",1998,"0"
"Floy",1999,"0"
"Floy",2000,"0"
"Floy",2001,"0"
"Floy",2002,"0"
"Floy",2003,"0"
"Floy",2004,"0"
"Floy",2005,"0"
"Floy",2006,"0"
"Floy",2007,"0"
"Floy",2008,"0"
"Floy",2009,"0"
"Floy",2010,"0"
"Floy",2011,"0"
"Floy",2012,"0"
"Floy",2013,"0"
"Floy",2014,"0"
"Floy",2015,"0"
"Floy",2016,"0"
"Floy",2017,"0"
"Floy",2018,"0"
"Floy",2019,"0"
"Floy",2020,"0"
"Floy",2021,"0"
"Floy",2022,"0"
"Floy",2023,"0"
"Floy",2024,"0"
"Floy",2025,"0"
"Hedwig",1880,"7"
"Hedwig",1881,"5"
"Hedwig",1882,"12"
"Hedwig",1883,"8"
"Hedwig",1884,"19"
"Hedwig",1885,"11"
"Hedwig",1886,"12"
"Hedwig",1887,"25"
"Hedwig",1888,"34"
"Hedwig",1889,"18"
"Hedwig",1890,"28"
"Hedwig",1891,"47"
"Hedwig",1892,"26"
"Hedwig",1893,"28"
"Hedwig",1894,"26"
"Hedwig",1895,"41"
"Hedwig",1896,"36"
"Hedwig",1897,"28"
"Hedwig",1898,"44"
"Hedwig",1899,"32"
"Hedwig",1900,"18"
"Hedwig",1901,"27"
"Hedwig",1902,"41"
"Hedwig",1903,"29"
"Hedwig",1904,"29"
"Hedwig",1905,"28"
"Hedwig",1906,"30"
"Hedwig",1907,"26"
"Hedwig",1908,"37"
"Hedwig",1909,"30"
"Hedwig",1910,"43"
"Hedwig",1911,"57"
"Hedwig",1912,"52"
"Hedwig",1913,"67"
"Hedwig",1914,"114"
"Hedwig",1915,"152"
"Hedwig",1916,"157"
"Hedwig",1917,"137"
"Hedwig",1918,"159"
"Hedwig",1919,"152"
"Hedwig",1920,"128"
"Hedwig",1921,"125"
"Hedwig",1922,"115"
"Hedwig",1923,"99"
"Hedwig",1924,"81"
"Hedwig",1925,"61"
"Hedwig",1926,"78"
"Hedwig",1927,"52"
"Hedwig",1928,"41"
"Hedwig",1929,"28"
"Hedwig",1930,"27"
"Hedwig",1931,"27"
"Hedwig",1932,"24"
"Hedwig",1933,"13"
"Hedwig",1934,"17"
"Hedwig",1935,"16"
"Hedwig",1936,"9"
"Hedwig",1937,"16"
"Hedwig",1938,"10"
"Hedwig",1939,"14"
"Hedwig",1940,"13"
"Hedwig",1941,"17"
"Hedwig",1942,"16"
"Hedwig",1943,"14"
"Hedwig",1944,"8"
"Hedwig",1945,"8"
"Hedwig",1946,"8"
"Hedwig",1947,"10"
"Hedwig",1948,"11"
"Hedwig",1949,"12"
"Hedwig",1950,"8"
"Hedwig",1951,"7"
"Hedwig",1952,"15"
"Hedwig",1953,"8"
"Hedwig",1954,"12"
"Hedwig",1955,"11"
"Hedwig",1956,"7"
"Hedwig",1957,"0"
"Hedwig",1958,"5"
"Hedwig",1959,"6"
"Hedwig",1960,"7"
"Hedwig",1961,"0"
"Hedwig",1962,"9"
"Hedwig",1963,"0"
"Hedwig",1964,"6"
"Hedwig",1965,"0"
"Hedwig",1966,"0"
"Hedwig",1967,"0"
"Hedwig",1968,"6"
"Hedwig",1969,"0"
"Hedwig",1970,"0"
"Hedwig",1971,"0"
"Hedwig",1972,"0"
"Hedwig",1973,"0"
"Hedwig",1974,"0"
"Hedwig",1975,"0"
"Hedwig",1976,"0"
"Hedwig",1977,"0"
"Hedwig",1978,"0"
"Hedwig",1979,"0"
"Hedwig",1980,"0"
"Hedwig",1981,"0"
"Hedwig",1982,"0"
"Hedwig",1983,"0"
"Hedwig",1984,"0"
"Hedwig",1985,"0"
"Hedwig",1986,"0"
"Hedwig",1987,"0"
"Hedwig",1988,"0"
"Hedwig",1989,"0"
"Hedwig",1990,"0"
"Hedwig",1991,"0"
"Hedwig",1992,"0"
"Hedwig",1993,"0"
"Hedwig",1994,"0"
"Hedwig",1995,"0"
"Hedwig",1996,"0"
"Hedwig",1997,"0"
"Hedwig",1998,"0"
"Hedwig",1999,"0"
"Hedwig",2000,"0"
"Hedwig",2001,"0"
"Hedwig",2002,"0"
"Hedwig",2003,"0"
"Hedwig",2004,"0"
"Hedwig",2005,"0"
"Hedwig",2006,"0"
"Hedwig",2007,"0"
"Hedwig",2008,"0"
"Hedwig",2009,"0"
"Hedwig",2010,"0"
"Hedwig",2011,"0"
"Hedwig",2012,"0"
"Hedwig",2013,"0"
"Hedwig",2014,"0"
"Hedwig",2015,"0"
"Hedwig",2016,"0"
"Hedwig",2017,"0"
"Hedwig",2018,"0"
"Hedwig",2019,"0"
"Hedwig",2020,"0"
"Hedwig",2021,"0"
"Hedwig",2022,"0"
"Hedwig",2023,"0"
"Hedwig",2024,"0"
"Hedwig",2025,"0"
"Hildegarde",1880,"0"
"Hildegarde",1881,"0"
"Hildegarde",1882,"0"
"Hildegarde",1883,"0"
"Hildegarde",1884,"0"
"Hildegarde",1885,"8"
"Hildegarde",1886,"0"
"Hildegarde",1887,"8"
"Hildegarde",1888,"8"
"Hildegarde",1889,"0"
"Hildegarde",1890,"17"
"Hildegarde",1891,"19"
"Hildegarde",1892,"12"
"Hildegarde",1893,"13"
"Hildegarde",1894,"11"
"Hildegarde",1895,"15"
"Hildegarde",1896,"19"
"Hildegarde",1897,"21"
"Hildegarde",1898,"31"
"Hildegarde",1899,"25"
"Hildegarde",1900,"30"
"Hildegarde",1901,"30"
"Hildegarde",1902,"20"
"Hildegarde",1903,"22"
"Hildegarde",1904,"33"
"Hildegarde",1905,"33"
"Hildegarde",1906,"33"
"Hildegarde",1907,"28"
"Hildegarde",1908,"35"
"Hildegarde",1909,"30"
"Hildegarde",1910,"39"
"Hildegarde",1911,"38"
"Hildegarde",1912,"54"
"Hildegarde",1913,"70"
"Hildegarde",1914,"74"
"Hildegarde",1915,"124"
"Hildegarde",1916,"108"
"Hildegarde",1917,"79"
"Hildegarde",1918,"77"
"Hildegarde",1919,"56"
"Hildegarde",1920,"64"
"Hildegarde",1921,"70"
"Hildegarde",1922,"63"
"Hildegarde",1923,"60"
"Hildegarde",1924,"46"
"Hildegarde",1925,"60"
"Hildegarde",1926,"44"
"Hildegarde",1927,"56"
"Hildegarde",1928,"46"
"Hildegarde",1929,"54"
"Hildegarde",1930,"47"
"Hildegarde",1931,"40"
"Hildegarde",1932,"37"
"Hildegarde",1933,"29"
"Hildegarde",1934,"24"
"Hildegarde",1935,"26"
"Hildegarde",1936,"34"
"Hildegarde",1937,"23"
"Hildegarde",1938,"29"
"Hildegarde",1939,"19"
"Hildegarde",1940,"23"
"Hildegarde",1941,"23"
"Hildegarde",1942,"20"
"Hildegarde",1943,"20"
"Hildegarde",1944,"13"
"Hildegarde",1945,"8"
"Hildegarde",1946,"19"
"Hildegarde",1947,"8"
"Hildegarde",1948,"8"
"Hildegarde",1949,"7"
"Hildegarde",1950,"8"
"Hildegarde",1951,"10"
"Hildegarde",1952,"7"
"Hildegarde",1953,"12"
"Hildegarde",1954,"7"
"Hildegarde",1955,"7"
"Hildegarde",1956,"5"
"Hildegarde",1957,"0"
"Hildegarde",1958,"6"
"Hildegarde",1959,"6"
"Hildegarde",1960,"5"
"Hildegarde",1961,"13"
"Hildegarde",1962,"0"
"Hildegarde",1963,"0"
"Hildegarde",1964,"0"
"Hildegarde",1965,"0"
"Hildegarde",1966,"0"
"Hildegarde",1967,"0"
"Hildegarde",1968,"0"
"Hildegarde",1969,"0"
"Hildegarde",1970,"0"
"Hildegarde",1971,"0"
"Hildegarde",1972,"0"
"Hildegarde",1973,"0"
"Hildegarde",1974,"0"
"Hildegarde",1975,"0"
"Hildegarde",1976,"0"
"Hildegarde",1977,"0"
"Hildegarde",1978,"0"
"Hildegarde",1979,"0"
"Hildegarde",1980,"0"
"Hildegarde",1981,"0"
"Hildegarde",1982,"0"
"Hildegarde",1983,"0"
"Hildegarde",1984,"0"
"Hildegarde",1985,"0"
"Hildegarde",1986,"0"
"Hildegarde",1987,"0"
"Hildegarde",1988,"0"
"Hildegarde",1989,"0"
"Hildegarde",1990,"0"
"Hildegarde",1991,"0"
"Hildegarde",1992,"0"
"Hildegarde",1993,"0"
"Hildegarde",1994,"0"
"Hildegarde",1995,"0"
"Hildegarde",1996,"0"
"Hildegarde",1997,"0"
"Hildegarde",1998,"0"
"Hildegarde",1999,"0"
"Hildegarde",2000,"0"
"Hildegarde",2001,"0"
"Hildegarde",2002,"0"
"Hildegarde",2003,"0"
"Hildegarde",2004,"0"
"Hildegarde",2005,"0"
"Hildegarde",2006,"0"
"Hildegarde",2007,"0"
"Hildegarde",2008,"0"
"Hildegarde",2009,"0"
"Hildegarde",2010,"0"
"Hildegarde",2011,"0"
"Hildegarde",2012,"0"
"Hildegarde",2013,"0"
"Hildegarde",2014,"0"
"Hildegarde",2015,"0"
"Hildegarde",2016,"0"
"Hildegarde",2017,"0"
"Hildegarde",2018,"0"
"Hildegarde",2019,"0"
"Hildegarde",2020,"0"
"Hildegarde",2021,"0"
"Hildegarde",2022,"0"
"Hildegarde",2023,"0"
"Hildegarde",2024,"0"
"Hildegarde",2025,"0"
"Hilma",1880,"10"
"Hilma",1881,"17"
"Hilma",1882,"16"
"Hilma",1883,"27"
"Hilma",1884,"28"
"Hilma",1885,"34"
"Hilma",1886,"27"
"Hilma",1887,"26"
"Hilma",1888,"37"
"Hilma",1889,"29"
"Hilma",1890,"42"
"Hilma",1891,"34"
"Hilma",1892,"40"
"Hilma",1893,"41"
"Hilma",1894,"38"
"Hilma",1895,"44"
"Hilma",1896,"38"
"Hilma",1897,"47"
"Hilma",1898,"44"
"Hilma",1899,"47"
"Hilma",1900,"38"
"Hilma",1901,"51"
"Hilma",1902,"35"
"Hilma",1903,"34"
"Hilma",1904,"38"
"Hilma",1905,"32"
"Hilma",1906,"42"
"Hilma",1907,"48"
"Hilma",1908,"53"
"Hilma",1909,"35"
"Hilma",1910,"41"
"Hilma",1911,"46"
"Hilma",1912,"47"
"Hilma",1913,"45"
"Hilma",1914,"87"
"Hilma",1915,"105"
"Hilma",1916,"99"
"Hilma",1917,"93"
"Hilma",1918,"102"
"Hilma",1919,"78"
"Hilma",1920,"101"
"Hilma",1921,"72"
"Hilma",1922,"75"
"Hilma",1923,"59"
"Hilma",1924,"75"
"Hilma",1925,"63"
"Hilma",1926,"46"
"Hilma",1927,"65"
"Hilma",1928,"35"
"Hilma",1929,"47"
"Hilma",1930,"42"
"Hilma",1931,"32"
"Hilma",1932,"40"
"Hilma",1933,"42"
"Hilma",1934,"22"
"Hilma",1935,"28"
"Hilma",1936,"17"
"Hilma",1937,"23"
"Hilma",1938,"25"
"Hilma",1939,"17"
"Hilma",1940,"21"
"Hilma",1941,"20"
"Hilma",1942,"18"
"Hilma",1943,"19"
"Hilma",1944,"12"
"Hilma",1945,"15"
"Hilma",1946,"7"
"Hilma",1947,"19"
"Hilma",1948,"12"
"Hilma",1949,"9"
"Hilma",1950,"17"
"Hilma",1951,"11"
"Hilma",1952,"13"
"Hilma",1953,"12"
"Hilma",1954,"6"
"Hilma",1955,"12"
"Hilma",1956,"8"
"Hilma",1957,"0"
"Hilma",1958,"0"
"Hilma",1959,"7"
"Hilma",1960,"8"
"Hilma",1961,"0"
"Hilma",1962,"0"
"Hilma",1963,"7"
"Hilma",1964,"0"
"Hilma",1965,"0"
"Hilma",1966,"0"
"Hilma",1967,"0"
"Hilma",1968,"0"
"Hilma",1969,"0"
"Hilma",1970,"0"
"Hilma",1971,"5"
"Hilma",1972,"0"
"Hilma",1973,"0"
"Hilma",1974,"0"
"Hilma",1975,"0"
"Hilma",1976,"0"
"Hilma",1977,"0"
"Hilma",1978,"0"
"Hilma",1979,"0"
"Hilma",1980,"0"
"Hilma",1981,"0"
"Hilma",1982,"0"
"Hilma",1983,"0"
"Hilma",1984,"0"
"Hilma",1985,"0"
"Hilma",1986,"0"
"Hilma",1987,"0"
"Hilma",1988,"0"
"Hilma",1989,"0"
"Hilma",1990,"0"
"Hilma",1991,"0"
"Hilma",1992,"0"
"Hilma",1993,"0"
"Hilma",1994,"0"
"Hilma",1995,"0"
"Hilma",1996,"0"
"Hilma",1997,"0"
"Hilma",1998,"0"
"Hilma",1999,"0"
"Hilma",2000,"0"
"Hilma",2001,"0"
"Hilma",2002,"0"
"Hilma",2003,"0"
"Hilma",2004,"0"
"Hilma",2005,"0"
"Hilma",2006,"0"
"Hilma",2007,"0"
"Hilma",2008,"0"
"Hilma",2009,"0"
"Hilma",2010,"0"
"Hilma",2011,"0"
"Hilma",2012,"0"
"Hilma",2013,"0"
"Hilma",2014,"0"
"Hilma",2015,"0"
"Hilma",2016,"0"
"Hilma",2017,"0"
"Hilma",2018,"0"
"Hilma",2019,"0"
"Hilma",2020,"0"
"Hilma",2021,"0"
"Hilma",2022,"0"
"Hilma",2023,"0"
"Hilma",2024,"0"
"Hilma",2025,"0"
"Joretta",1880,"0"
"Joretta",1881,"0"
"Joretta",1882,"0"
"Joretta",1883,"0"
"Joretta",1884,"0"
"Joretta",1885,"0"
"Joretta",1886,"0"
"Joretta",1887,"0"
"Joretta",1888,"0"
"Joretta",1889,"0"
"Joretta",1890,"0"
"Joretta",1891,"0"
"Joretta",1892,"0"
"Joretta",1893,"0"
"Joretta",1894,"0"
"Joretta",1895,"0"
"Joretta",1896,"0"
"Joretta",1897,"0"
"Joretta",1898,"0"
"Joretta",1899,"0"
"Joretta",1900,"0"
"Joretta",1901,"0"
"Joretta",1902,"0"
"Joretta",1903,"0"
"Joretta",1904,"0"
"Joretta",1905,"0"
"Joretta",1906,"0"
"Joretta",1907,"0"
"Joretta",1908,"0"
"Joretta",1909,"0"
"Joretta",1910,"0"
"Joretta",1911,"0"
"Joretta",1912,"0"
"Joretta",1913,"0"
"Joretta",1914,"0"
"Joretta",1915,"0"
"Joretta",1916,"0"
"Joretta",1917,"0"
"Joretta",1918,"0"
"Joretta",1919,"0"
"Joretta",1920,"0"
"Joretta",1921,"0"
"Joretta",1922,"0"
"Joretta",1923,"0"
"Joretta",1924,"0"
"Joretta",1925,"0"
"Joretta",1926,"0"
"Joretta",1927,"0"
"Joretta",1928,"0"
"Joretta",1929,"0"
"Joretta",1930,"33"
"Joretta",1931,"194"
"Joretta",1932,"82"
"Joretta",1933,"56"
"Joretta",1934,"37"
"Joretta",1935,"34"
"Joretta",1936,"26"
"Joretta",1937,"40"
"Joretta",1938,"34"
"Joretta",1939,"20"
"Joretta",1940,"29"
"Joretta",1941,"13"
"Joretta",1942,"21"
"Joretta",1943,"10"
"Joretta",1944,"14"
"Joretta",1945,"12"
"Joretta",1946,"21"
"Joretta",1947,"7"
"Joretta",1948,"12"
"Joretta",1949,"9"
"Joretta",1950,"20"
"Joretta",1951,"24"
"Joretta",1952,"20"
"Joretta",1953,"21"
"Joretta",1954,"25"
"Joretta",1955,"21"
"Joretta",1956,"21"
"Joretta",1957,"17"
"Joretta",1958,"16"
"Joretta",1959,"7"
"Joretta",1960,"11"
"Joretta",1961,"16"
"Joretta",1962,"7"
"Joretta",1963,"9"
"Joretta",1964,"16"
"Joretta",1965,"13"
"Joretta",1966,"8"
"Joretta",1967,"13"
"Joretta",1968,"6"
"Joretta",1969,"13"
"Joretta",1970,"9"
"Joretta",1971,"8"
"Joretta",1972,"8"
"Joretta",1973,"0"
"Joretta",1974,"0"
"Joretta",1975,"0"
"Joretta",1976,"0"
"Joretta",1977,"0"
"Joretta",1978,"0"
"Joretta",1979,"0"
"Joretta",1980,"0"
"Joretta",1981,"0"
"Joretta",1982,"0"
"Joretta",1983,"0"
"Joretta",1984,"0"
"Joretta",1985,"0"
"Joretta",1986,"0"
"Joretta",1987,"0"
"Joretta",1988,"0"
"Joretta",1989,"0"
"Joretta",1990,"0"
"Joretta",1991,"0"
"Joretta",1992,"0"
"Joretta",1993,"0"
"Joretta",1994,"0"
"Joretta",1995,"0"
"Joretta",1996,"0"
"Joretta",1997,"0"
"Joretta",1998,"0"
"Joretta",1999,"0"
"Joretta",2000,"0"
"Joretta",2001,"0"
"Joretta",2002,"0"
"Joretta",2003,"0"
"Joretta",2004,"0"
"Joretta",2005,"0"
"Joretta",2006,"0"
"Joretta",2007,"0"
"Joretta",2008,"0"
"Joretta",2009,"0"
"Joretta",2010,"0"
"Joretta",2011,"0"
"Joretta",2012,"0"
"Joretta",2013,"0"
"Joretta",2014,"0"
"Joretta",2015,"0"
"Joretta",2016,"0"
"Joretta",2017,"0"
"Joretta",2018,"0"
"Joretta",2019,"0"
"Joretta",2020,"0"
"Joretta",2021,"0"
"Joretta",2022,"0"
"Joretta",2023,"0"
"Joretta",2024,"0"
"Joretta",2025,"0"
"Manila",1880,"0"
"Manila",1881,"0"
"Manila",1882,"0"
"Manila",1883,"0"
"Manila",1884,"0"
"Manila",1885,"0"
"Manila",1886,"0"
"Manila",1887,"0"
"Manila",1888,"0"
"Manila",1889,"0"
"Manila",1890,"0"
"Manila",1891,"0"
"Manila",1892,"0"
"Manila",1893,"0"
"Manila",1894,"0"
"Manila",1895,"0"
"Manila",1896,"0"
"Manila",1897,"7"
"Manila",1898,"104"
"Manila",1899,"34"
"Manila",1900,"10"
"Manila",1901,"0"
"Manila",1902,"5"
"Manila",1903,"10"
"Manila",1904,"0"
"Manila",1905,"0"
"Manila",1906,"0"
"Manila",1907,"0"
"Manila",1908,"0"
"Manila",1909,"0"
"Manila",1910,"0"
"Manila",1911,"0"
"Manila",1912,"0"
"Manila",1913,"0"
"Manila",1914,"0"
"Manila",1915,"0"
"Manila",1916,"0"
"Manila",1917,"5"
"Manila",1918,"5"
"Manila",1919,"7"
"Manila",1920,"0"
"Manila",1921,"0"
"Manila",1922,"5"
"Manila",1923,"0"
"Manila",1924,"0"
"Manila",1925,"7"
"Manila",1926,"0"
"Manila",1927,"0"
"Manila",1928,"0"
"Manila",1929,"0"
"Manila",1930,"0"
"Manila",1931,"0"
"Manila",1932,"0"
"Manila",1933,"0"
"Manila",1934,"0"
"Manila",1935,"0"
"Manila",1936,"0"
"Manila",1937,"0"
"Manila",1938,"0"
"Manila",1939,"0"
"Manila",1940,"5"
"Manila",1941,"0"
"Manila",1942,"5"
"Manila",1943,"0"
"Manila",1944,"5"
"Manila",1945,"0"
"Manila",1946,"0"
"Manila",1947,"0"
"Manila",1948,"0"
"Manila",1949,"0"
"Manila",1950,"0"
"Manila",1951,"0"
"Manila",1952,"0"
"Manila",1953,"0"
"Manila",1954,"0"
"Manila",1955,"0"
"Manila",1956,"0"
"Manila",1957,"0"
"Manila",1958,"0"
"Manila",1959,"0"
"Manila",1960,"0"
"Manila",1961,"0"
"Manila",1962,"0"
"Manila",1963,"0"
"Manila",1964,"0"
"Manila",1965,"0"
"Manila",1966,"0"
"Manila",1967,"0"
"Manila",1968,"0"
"Manila",1969,"0"
"Manila",1970,"0"
"Manila",1971,"0"
"Manila",1972,"0"
"Manila",1973,"0"
"Manila",1974,"0"
"Manila",1975,"0"
"Manila",1976,"0"
"Manila",1977,"0"
"Manila",1978,"0"
"Manila",1979,"0"
"Manila",1980,"0"
"Manila",1981,"0"
"Manila",1982,"0"
"Manila",1983,"0"
"Manila",1984,"0"
"Manila",1985,"0"
"Manila",1986,"0"
"Manila",1987,"0"
"Manila",1988,"0"
"Manila",1989,"0"
"Manila",1990,"0"
"Manila",1991,"0"
"Manila",1992,"0"
"Manila",1993,"0"
"Manila",1994,"0"
"Manila",1995,"0"
"Manila",1996,"0"
"Manila",1997,"0"
"Manila",1998,"0"
"Manila",1999,"0"
"Manila",2000,"0"
"Manila",2001,"0"
"Manila",2002,"0"
"Manila",2003,"0"
"Manila",2004,"0"
"Manila",2005,"0"
"Manila",2006,"0"
"Manila",2007,"0"
"Manila",2008,"0"
"Manila",2009,"0"
"Manila",2010,"0"
"Manila",2011,"0"
"Manila",2012,"0"
"Manila",2013,"0"
"Manila",2014,"0"
"Manila",2015,"0"
"Manila",2016,"0"
"Manila",2017,"0"
"Manila",2018,"0"
"Manila",2019,"0"
"Manila",2020,"0"
"Manila",2021,"0"
"Manila",2022,"0"
"Manila",2023,"0"
"Manila",2024,"0"
"Manila",2025,"0"
"Myrtie",1880,"45"
"Myrtie",1881,"44"
"Myrtie",1882,"64"
"Myrtie",1883,"50"
"Myrtie",1884,"70"
"Myrtie",1885,"60"
"Myrtie",1886,"77"
"Myrtie",1887,"83"
"Myrtie",1888,"72"
"Myrtie",1889,"86"
"Myrtie",1890,"72"
"Myrtie",1891,"60"
"Myrtie",1892,"80"
"Myrtie",1893,"83"
"Myrtie",1894,"71"
"Myrtie",1895,"88"
"Myrtie",1896,"84"
"Myrtie",1897,"66"
"Myrtie",1898,"98"
"Myrtie",1899,"58"
"Myrtie",1900,"68"
"Myrtie",1901,"61"
"Myrtie",1902,"54"
"Myrtie",1903,"59"
"Myrtie",1904,"58"
"Myrtie",1905,"58"
"Myrtie",1906,"61"
"Myrtie",1907,"73"
"Myrtie",1908,"46"
"Myrtie",1909,"63"
"Myrtie",1910,"55"
"Myrtie",1911,"62"
"Myrtie",1912,"69"
"Myrtie",1913,"65"
"Myrtie",1914,"91"
"Myrtie",1915,"101"
"Myrtie",1916,"94"
"Myrtie",1917,"114"
"Myrtie",1918,"84"
"Myrtie",1919,"104"
"Myrtie",1920,"100"
"Myrtie",1921,"102"
"Myrtie",1922,"91"
"Myrtie",1923,"72"
"Myrtie",1924,"77"
"Myrtie",1925,"80"
"Myrtie",1926,"75"
"Myrtie",1927,"65"
"Myrtie",1928,"52"
"Myrtie",1929,"42"
"Myrtie",1930,"59"
"Myrtie",1931,"54"
"Myrtie",1932,"56"
"Myrtie",1933,"64"
"Myrtie",1934,"39"
"Myrtie",1935,"38"
"Myrtie",1936,"33"
"Myrtie",1937,"48"
"Myrtie",1938,"45"
"Myrtie",1939,"30"
"Myrtie",1940,"28"
"Myrtie",1941,"26"
"Myrtie",1942,"40"
"Myrtie",1943,"21"
"Myrtie",1944,"22"
"Myrtie",1945,"12"
"Myrtie",1946,"21"
"Myrtie",1947,"18"
"Myrtie",1948,"13"
"Myrtie",1949,"20"
"Myrtie",1950,"12"
"Myrtie",1951,"13"
"Myrtie",1952,"7"
"Myrtie",1953,"8"
"Myrtie",1954,"12"
"Myrtie",1955,"10"
"Myrtie",1956,"9"
"Myrtie",1957,"6"
"Myrtie",1958,"0"
"Myrtie",1959,"8"
"Myrtie",1960,"0"
"Myrtie",1961,"0"
"Myrtie",1962,"5"
"Myrtie",1963,"0"
"Myrtie",1964,"6"
"Myrtie",1965,"5"
"Myrtie",1966,"0"
"Myrtie",1967,"0"
"Myrtie",1968,"0"
"Myrtie",1969,"6"
"Myrtie",1970,"0"
"Myrtie",1971,"0"
"Myrtie",1972,"0"
"Myrtie",1973,"0"
"Myrtie",1974,"0"
"Myrtie",1975,"0"
"Myrtie",1976,"0"
"Myrtie",1977,"0"
"Myrtie",1978,"0"
"Myrtie",1979,"0"
"Myrtie",1980,"0"
"Myrtie",1981,"0"
"Myrtie",1982,"0"
"Myrtie",1983,"0"
"Myrtie",1984,"0"
"Myrtie",1985,"0"
"Myrtie",1986,"0"
"Myrtie",1987,"0"
"Myrtie",1988,"0"
"Myrtie",1989,"0"
"Myrtie",1990,"0"
"Myrtie",1991,"0"
"Myrtie",1992,"0"
"Myrtie",1993,"0"
"Myrtie",1994,"0"
"Myrtie",1995,"0"
"Myrtie",1996,"0"
"Myrtie",1997,"0"
"Myrtie",1998,"0"
"Myrtie",1999,"0"
"Myrtie",2000,"0"
"Myrtie",2001,"0"
"Myrtie",2002,"0"
"Myrtie",2003,"0"
"Myrtie",2004,"0"
"Myrtie",2005,"0"
"Myrtie",2006,"0"
"Myrtie",2007,"0"
"Myrtie",2008,"0"
"Myrtie",2009,"0"
"Myrtie",2010,"0"
"Myrtie",2011,"0"
"Myrtie",2012,"0"
"Myrtie",2013,"0"
"Myrtie",2014,"0"
"Myrtie",2015,"0"
"Myrtie",2016,"0"
"Myrtie",2017,"0"
"Myrtie",2018,"0"
"Myrtie",2019,"0"
"Myrtie",2020,"0"
"Myrtie",2021,"0"
"Myrtie",2022,"0"
"Myrtie",2023,"0"
"Myrtie",2024,"0"
"Myrtie",2025,"0"
"Pershing",1880,"0"
"Pershing",1881,"0"
"Pershing",1882,"0"
"Pershing",1883,"0"
"Pershing",1884,"0"
"Pershing",1885,"0"
"Pershing",1886,"0"
"Pershing",1887,"0"
"Pershing",1888,"0"
"Pershing",1889,"0"
"Pershing",1890,"0"
"Pershing",1891,"0"
"Pershing",1892,"0"
"Pershing",1893,"0"
"Pershing",1894,"0"
"Pershing",1895,"0"
"Pershing",1896,"0"
"Pershing",1897,"0"
"Pershing",1898,"0"
"Pershing",1899,"0"
"Pershing",1900,"0"
"Pershing",1901,"0"
"Pershing",1902,"0"
"Pershing",1903,"0"
"Pershing",1904,"0"
"Pershing",1905,"0"
"Pershing",1906,"0"
"Pershing",1907,"0"
"Pershing",1908,"0"
"Pershing",1909,"0"
"Pershing",1910,"0"
"Pershing",1911,"0"
"Pershing",1912,"0"
"Pershing",1913,"0"
"Pershing",1914,"0"
"Pershing",1915,"10"
"Pershing",1916,"0"
"Pershing",1917,"53"
"Pershing",1918,"295"
"Pershing",1919,"103"
"Pershing",1920,"28"
"Pershing",1921,"14"
"Pershing",1922,"6"
"Pershing",1923,"8"
"Pershing",1924,"5"
"Pershing",1925,"0"
"Pershing",1926,"7"
"Pershing",1927,"0"
"Pershing",1928,"0"
"Pershing",1929,"0"
"Pershing",1930,"0"
"Pershing",1931,"0"
"Pershing",1932,"0"
"Pershing",1933,"0"
"Pershing",1934,"0"
"Pershing",1935,"0"
"Pershing",1936,"0"
"Pershing",1937,"0"
"Pershing",1938,"0"
"Pershing",1939,"0"
"Pershing",1940,"9"
"Pershing",1941,"0"
"Pershing",1942,"7"
"Pershing",1943,"7"
"Pershing",1944,"7"
"Pershing",1945,"6"
"Pershing",1946,"6"
"Pershing",1947,"10"
"Pershing",1948,"0"
"Pershing",1949,"6"
"Pershing",1950,"6"
"Pershing",1951,"0"
"Pershing",1952,"0"
"Pershing",1953,"0"
"Pershing",1954,"0"
"Pershing",1955,"0"
"Pershing",1956,"0"
"Pershing",1957,"0"
"Pershing",1958,"0"
"Pershing",1959,"0"
"Pershing",1960,"0"
"Pershing",1961,"0"
"Pershing",1962,"0"
"Pershing",1963,"0"
"Pershing",1964,"6"
"Pershing",1965,"0"
"Pershing",1966,"0"
"Pershing",1967,"0"
"Pershing",1968,"0"
"Pershing",1969,"0"
"Pershing",1970,"0"
"Pershing",1971,"0"
"Pershing",1972,"0"
"Pershing",1973,"0"
"Pershing",1974,"0"
"Pershing",1975,"0"
"Pershing",1976,"0"
"Pershing",1977,"0"
"Pershing",1978,"0"
"Pershing",1979,"0"
"Pershing",1980,"0"
"Pershing",1981,"0"
"Pershing",1982,"0"
"Pershing",1983,"0"
"Pershing",1984,"0"
"Pershing",1985,"0"
"Pershing",1986,"0"
"Pershing",1987,"0"
"Pershing",1988,"0"
"Pershing",1989,"0"
"Pershing",1990,"0"
"Pershing",1991,"0"
"Pershing",1992,"0"
"Pershing",1993,"0"
"Pershing",1994,"0"
"Pershing",1995,"0"
"Pershing",1996,"0"
"Pershing",1997,"0"
"Pershing",1998,"0"
"Pershing",1999,"0"
"Pershing",2000,"0"
"Pershing",2001,"0"
"Pershing",2002,"0"
"Pershing",2003,"0"
"Pershing",2004,"0"
"Pershing",2005,"0"
"Pershing",2006,"0"
"Pershing",2007,"0"
"Pershing",2008,"0"
"Pershing",2009,"0"
"Pershing",2010,"0"
"Pershing",2011,"0"
"Pershing",2012,"0"
"Pershing",2013,"0"
"Pershing",2014,"0"
"Pershing",2015,"0"
"Pershing",2016,"0"
"Pershing",2017,"0"
"Pershing",2018,"0"
"Pershing",2019,"0"
"Pershing",2020,"0"
"Pershing",2021,"0"
"Pershing",2022,"0"
"Pershing",2023,"0"
"Pershing",2024,"0"
"Pershing",2025,"0"
"Rheta",1880,"0"
"Rheta",1881,"0"
"Rheta",1882,"0"
"Rheta",1883,"0"
"Rheta",1884,"0"
"Rheta",1885,"0"
"Rheta",1886,"0"
"Rheta",1887,"0"
"Rheta",1888,"0"
"Rheta",1889,"0"
"Rheta",1890,"0"
"Rheta",1891,"0"
"Rheta",1892,"0"
"Rheta",1893,"5"
"Rheta",1894,"0"
"Rheta",1895,"0"
"Rheta",1896,"0"
"Rheta",1897,"0"
"Rheta",1898,"0"
"Rheta",1899,"0"
"Rheta",1900,"0"
"Rheta",1901,"0"
"Rheta",1902,"0"
"Rheta",1903,"0"
"Rheta",1904,"0"
"Rheta",1905,"0"
"Rheta",1906,"0"
"Rheta",1907,"5"
"Rheta",1908,"0"
"Rheta",1909,"0"
"Rheta",1910,"0"
"Rheta",1911,"6"
"Rheta",1912,"15"
"Rheta",1913,"11"
"Rheta",1914,"11"
"Rheta",1915,"15"
"Rheta",1916,"11"
"Rheta",1917,"18"
"Rheta",1918,"22"
"Rheta",1919,"20"
"Rheta",1920,"26"
"Rheta",1921,"19"
"Rheta",1922,"20"
"Rheta",1923,"16"
"Rheta",1924,"26"
"Rheta",1925,"18"
"Rheta",1926,"13"
"Rheta",1927,"15"
"Rheta",1928,"16"
"Rheta",1929,"10"
"Rheta",1930,"15"
"Rheta",1931,"13"
"Rheta",1932,"20"
"Rheta",1933,"81"
"Rheta",1934,"151"
"Rheta",1935,"61"
"Rheta",1936,"37"
"Rheta",1937,"28"
"Rheta",1938,"30"
"Rheta",1939,"26"
"Rheta",1940,"10"
"Rheta",1941,"17"
"Rheta",1942,"10"
"Rheta",1943,"17"
"Rheta",1944,"20"
"Rheta",1945,"23"
"Rheta",1946,"20"
"Rheta",1947,"22"
"Rheta",1948,"21"
"Rheta",1949,"27"
"Rheta",1950,"19"
"Rheta",1951,"11"
"Rheta",1952,"24"
"Rheta",1953,"19"
"Rheta",1954,"18"
"Rheta",1955,"16"
"Rheta",1956,"14"
"Rheta",1957,"14"
"Rheta",1958,"18"
"Rheta",1959,"12"
"Rheta",1960,"15"
"Rheta",1961,"8"
"Rheta",1962,"5"
"Rheta",1963,"0"
"Rheta",1964,"11"
"Rheta",1965,"6"
"Rheta",1966,"7"
"Rheta",1967,"5"
"Rheta",1968,"6"
"Rheta",1969,"0"
"Rheta",1970,"0"
"Rheta",1971,"0"
"Rheta",1972,"0"
"Rheta",1973,"0"
"Rheta",1974,"5"
"Rheta",1975,"0"
"Rheta",1976,"0"
"Rheta",1977,"0"
"Rheta",1978,"0"
"Rheta",1979,"0"
"Rheta",1980,"0"
"Rheta",1981,"0"
"Rheta",1982,"0"
"Rheta",1983,"0"
"Rheta",1984,"0"
"Rheta",1985,"0"
"Rheta",1986,"0"
"Rheta",1987,"0"
"Rheta",1988,"0"
"Rheta",1989,"0"
"Rheta",1990,"0"
"Rheta",1991,"0"
"Rheta",1992,"0"
"Rheta",1993,"0"
"Rheta",1994,"0"
"Rheta",1995,"0"
"Rheta",1996,"0"
"Rheta",1997,"0"
"Rheta",1998,"0"
"Rheta",1999,"0"
"Rheta",2000,"0"
"Rheta",2001,"0"
"Rheta",2002,"0"
"Rheta",2003,"0"
"Rheta",2004,"0"
"Rheta",2005,"0"
"Rheta",2006,"0"
"Rheta",2007,"0"
"Rheta",2008,"0"
"Rheta",2009,"0"
"Rheta",2010,"0"
"Rheta",2011,"0"
"Rheta",2012,"0"
"Rheta",2013,"0"
"Rheta",2014,"0"
"Rheta",2015,"0"
"Rheta",2016,"0"
"Rheta",2017,"0"
"Rheta",2018,"0"
"Rheta",2019,"0"
"Rheta",2020,"0"
"Rheta",2021,"0"
"Rheta",2022,"0"
"Rheta",2023,"0"
"Rheta",2024,"0"
"Rheta",2025,"0"
"Ruthe",1880,"0"
"Ruthe",1881,"0"
"Ruthe",1882,"0"
"Ruthe",1883,"0"
"Ruthe",1884,"0"
"Ruthe",1885,"0"
"Ruthe",1886,"0"
"Ruthe",1887,"0"
"Ruthe",1888,"0"
"Ruthe",1889,"0"
"Ruthe",1890,"0"
"Ruthe",1891,"0"
"Ruthe",1892,"0"
"Ruthe",1893,"0"
"Ruthe",1894,"0"
"Ruthe",1895,"0"
"Ruthe",1896,"0"
"Ruthe",1897,"0"
"Ruthe",1898,"7"
"Ruthe",1899,"5"
"Ruthe",1900,"10"
"Ruthe",1901,"0"
"Ruthe",1902,"5"
"Ruthe",1903,"5"
"Ruthe",1904,"5"
"Ruthe",1905,"0"
"Ruthe",1906,"10"
"Ruthe",1907,"8"
"Ruthe",1908,"11"
"Ruthe",1909,"11"
"Ruthe",1910,"9"
"Ruthe",1911,"12"
"Ruthe",1912,"18"
"Ruthe",1913,"26"
"Ruthe",1914,"32"
"Ruthe",1915,"48"
"Ruthe",1916,"53"
"Ruthe",1917,"61"
"Ruthe",1918,"79"
"Ruthe",1919,"74"
"Ruthe",1920,"97"
"Ruthe",1921,"92"
"Ruthe",1922,"100"
"Ruthe",1923,"112"
"Ruthe",1924,"122"
"Ruthe",1925,"111"
"Ruthe",1926,"66"
"Ruthe",1927,"77"
"Ruthe",1928,"58"
"Ruthe",1929,"42"
"Ruthe",1930,"40"
"Ruthe",1931,"35"
"Ruthe",1932,"42"
"Ruthe",1933,"23"
"Ruthe",1934,"32"
"Ruthe",1935,"22"
"Ruthe",1936,"29"
"Ruthe",1937,"21"
"Ruthe",1938,"23"
"Ruthe",1939,"17"
"Ruthe",1940,"16"
"Ruthe",1941,"13"
"Ruthe",1942,"15"
"Ruthe",1943,"21"
"Ruthe",1944,"22"
"Ruthe",1945,"14"
"Ruthe",1946,"11"
"Ruthe",1947,"15"
"Ruthe",1948,"15"
"Ruthe",1949,"21"
"Ruthe",1950,"15"
"Ruthe",1951,"14"
"Ruthe",1952,"10"
"Ruthe",1953,"12"
"Ruthe",1954,"8"
"Ruthe",1955,"16"
"Ruthe",1956,"9"
"Ruthe",1957,"8"
"Ruthe",1958,"0"
"Ruthe",1959,"0"
"Ruthe",1960,"11"
"Ruthe",1961,"9"
"Ruthe",1962,"0"
"Ruthe",1963,"6"
"Ruthe",1964,"6"
"Ruthe",1965,"0"
"Ruthe",1966,"0"
"Ruthe",1967,"0"
"Ruthe",1968,"0"
"Ruthe",1969,"0"
"Ruthe",1970,"7"
"Ruthe",1971,"0"
"Ruthe",1972,"0"
"Ruthe",1973,"5"
"Ruthe",1974,"0"
"Ruthe",1975,"0"
"Ruthe",1976,"0"
"Ruthe",1977,"0"
"Ruthe",1978,"0"
"Ruthe",1979,"0"
"Ruthe",1980,"0"
"Ruthe",1981,"0"
"Ruthe",1982,"0"
"Ruthe",1983,"0"
"Ruthe",1984,"0"
"Ruthe",1985,"0"
"Ruthe",1986,"0"
"Ruthe",1987,"0"
"Ruthe",1988,"0"
"Ruthe",1989,"0"
"Ruthe",1990,"0"
"Ruthe",1991,"0"
"Ruthe",1992,"0"
"Ruthe",1993,"0"
"Ruthe",1994,"0"
"Ruthe",1995,"0"
"Ruthe",1996,"0"
"Ruthe",1997,"0"
"Ruthe",1998,"0"
"Ruthe",1999,"0"
"Ruthe",2000,"0"
"Ruthe",2001,"0"
"Ruthe",2002,"0"
"Ruthe",2003,"0"
"Ruthe",2004,"0"
"Ruthe",2005,"0"
"Ruthe",2006,"0"
"Ruthe",2007,"0"
"Ruthe",2008,"0"
"Ruthe",2009,"0"
"Ruthe",2010,"0"
"Ruthe",2011,"0"
"Ruthe",2012,"0"
"Ruthe",2013,"0"
"Ruthe",2014,"0"
"Ruthe",2015,"0"
"Ruthe",2016,"0"
"Ruthe",2017,"0"
"Ruthe",2018,"0"
"Ruthe",2019,"0"
"Ruthe",2020,"0"
"Ruthe",2021,"0"
"Ruthe",2022,"0"
"Ruthe",2023,"0"
"Ruthe",2024,"0"
"Ruthe",2025,"0"
"Vergie",1880,"0"
"Vergie",1881,"0"
"Vergie",1882,"0"
"Vergie",1883,"5"
"Vergie",1884,"5"
"Vergie",1885,"6"
"Vergie",1886,"16"
"Vergie",1887,"11"
"Vergie",1888,"15"
"Vergie",1889,"14"
"Vergie",1890,"22"
"Vergie",1891,"13"
"Vergie",1892,"26"
"Vergie",1893,"20"
"Vergie",1894,"25"
"Vergie",1895,"25"
"Vergie",1896,"29"
"Vergie",1897,"28"
"Vergie",1898,"35"
"Vergie",1899,"25"
"Vergie",1900,"39"
"Vergie",1901,"46"
"Vergie",1902,"29"
"Vergie",1903,"43"
"Vergie",1904,"40"
"Vergie",1905,"47"
"Vergie",1906,"29"
"Vergie",1907,"47"
"Vergie",1908,"45"
"Vergie",1909,"58"
"Vergie",1910,"71"
"Vergie",1911,"82"
"Vergie",1912,"82"
"Vergie",1913,"85"
"Vergie",1914,"111"
"Vergie",1915,"140"
"Vergie",1916,"116"
"Vergie",1917,"128"
"Vergie",1918,"112"
"Vergie",1919,"151"
"Vergie",1920,"113"
"Vergie",1921,"136"
"Vergie",1922,"131"
"Vergie",1923,"132"
"Vergie",1924,"130"
"Vergie",1925,"102"
"Vergie",1926,"121"
"Vergie",1927,"101"
"Vergie",1928,"101"
"Vergie",1929,"96"
"Vergie",1930,"87"
"Vergie",1931,"87"
"Vergie",1932,"87"
"Vergie",1933,"69"
"Vergie",1934,"87"
"Vergie",1935,"69"
"Vergie",1936,"58"
"Vergie",1937,"69"
"Vergie",1938,"78"
"Vergie",1939,"62"
"Vergie",1940,"61"
"Vergie",1941,"58"
"Vergie",1942,"52"
"Vergie",1943,"47"
"Vergie",1944,"39"
"Vergie",1945,"51"
"Vergie",1946,"45"
"Vergie",1947,"44"
"Vergie",1948,"39"
"Vergie",1949,"45"
"Vergie",1950,"33"
"Vergie",1951,"38"
"Vergie",1952,"43"
"Vergie",1953,"35"
"Vergie",1954,"27"
"Vergie",1955,"14"
"Vergie",1956,"18"
"Vergie",1957,"22"
"Vergie",1958,"16"
"Vergie",1959,"21"
"Vergie",1960,"16"
"Vergie",1961,"13"
"Vergie",1962,"12"
"Vergie",1963,"16"
"Vergie",1964,"8"
"Vergie",1965,"12"
"Vergie",1966,"13"
"Vergie",1967,"11"
"Vergie",1968,"0"
"Vergie",1969,"7"
"Vergie",1970,"6"
"Vergie",1971,"11"
"Vergie",1972,"6"
"Vergie",1973,"6"
"Vergie",1974,"7"
"Vergie",1975,"0"
"Vergie",1976,"0"
"Vergie",1977,"0"
"Vergie",1978,"0"
"Vergie",1979,"0"
"Vergie",1980,"0"
"Vergie",1981,"0"
"Vergie",1982,"0"
"Vergie",1983,"0"
"Vergie",1984,"0"
"Vergie",1985,"0"
"Vergie",1986,"0"
"Vergie",1987,"0"
"Vergie",1988,"0"
"Vergie",1989,"0"
"Vergie",1990,"0"
"Vergie",1991,"0"
"Vergie",1992,"0"
"Vergie",1993,"0"
"Vergie",1994,"0"
"Vergie",1995,"0"
"Vergie",1996,"0"
"Vergie",1997,"0"
"Vergie",1998,"0"
"Vergie",1999,"0"
"Vergie",2000,"0"
"Vergie",2001,"0"
"Vergie",2002,"0"
"Vergie",2003,"0"
"Vergie",2004,"0"
"Vergie",2005,"0"
"Vergie",2006,"0"
"Vergie",2007,"0"
"Vergie",2008,"0"
"Vergie",2009,"0"
"Vergie",2010,"0"
"Vergie",2011,"0"
"Vergie",2012,"0"
"Vergie",2013,"0"
"Vergie",2014,"0"
"Vergie",2015,"0"
"Vergie",2016,"0"
"Vergie",2017,"0"
"Vergie",2018,"0"
"Vergie",2019,"0"
"Vergie",2020,"0"
"Vergie",2021,"0"
"Vergie",2022,"0"
"Vergie",2023,"0"
"Vergie",2024,"0"
"Vergie",2025,"0"
