"first_name","year","proportion"
"Christopher",1880,"0.04715014591729368100"
"Matthew",1880,"0.05608385777530722000"
"Michael",1880,"0.17569633320759961100"
"Christopher",1881,"0.03529021008054471500"
"Matthew",1881,"0.04151789421240554700"
"Michael",1881,"0.15465415594121066200"
"Matthew",1882,"0.04920260186969887100"
"Michael",1882,"0.14489940550617740900"
"Christopher",1882,"0.04017460152663485800"
"Christopher",1883,"0.04102422272926317700"
"Matthew",1883,"0.03964138376086104800"
"Michael",1883,"0.14151052109981792600"
"Christopher",1884,"0.02793066622853856900"
"Matthew",1884,"0.04805717571675018500"
"Michael",1884,"0.15320791916536597400"
"Matthew",1885,"0.04608601061223811900"
"Michael",1885,"0.15362003537412706500"
"Christopher",1885,"0.02947843922044059900"
"Christopher",1886,"0.02585031882059878700"
"Matthew",1886,"0.04386720769556157900"
"Michael",1886,"0.13630168105406633300"
"Christopher",1887,"0.02263623171416906800"
"Matthew",1887,"0.04365558973446891800"
"Michael",1887,"0.13905113767275284900"
"Matthew",1888,"0.03806674369060419300"
"Michael",1888,"0.15560616280545222600"
"Christopher",1888,"0.02637958553998009800"
"Christopher",1889,"0.02457206536861558900"
"Matthew",1889,"0.04083808047178365500"
"Michael",1889,"0.13047420625307150800"
"Christopher",1890,"0.02189773756556879400"
"Matthew",1890,"0.02853341561574115500"
"Michael",1890,"0.13072285758839552600"
"Matthew",1891,"0.03941773379425338300"
"Michael",1891,"0.11616022436713607500"
"Christopher",1891,"0.02162742916144875900"
"Christopher",1892,"0.02990663149646802700"
"Matthew",1892,"0.03947675357533779500"
"Michael",1892,"0.11364519968657850200"
"Christopher",1893,"0.02859576352226011100"
"Matthew",1893,"0.03320798344520529000"
"Michael",1893,"0.12514490057591252800"
"Matthew",1894,"0.03661165077209247400"
"Michael",1894,"0.12489296997254126200"
"Christopher",1894,"0.02125837786766659800"
"Christopher",1895,"0.01709304313144550200"
"Matthew",1895,"0.03190701384536493600"
"Michael",1895,"0.11765711355478320300"
"Christopher",1896,"0.02042055146678303600"
"Matthew",1896,"0.03440723055362073200"
"Michael",1896,"0.11161369911296481200"
"Matthew",1897,"0.02882201540824943700"
"Michael",1897,"0.10808255778093539000"
"Christopher",1897,"0.01642854878270217900"
"Christopher",1898,"0.01127265672925175800"
"Matthew",1898,"0.03486658941838334400"
"Michael",1898,"0.11377518652314564800"
"Christopher",1899,"0.01238087096479410900"
"Matthew",1899,"0.02977304684390964300"
"Michael",1899,"0.11054349075709025900"
"Matthew",1900,"0.02887233541658338100"
"Michael",1900,"0.10993696947083672000"
"Christopher",1900,"0.01221521883009296900"
"Christopher",1901,"0.009831931801094236174600"
"Matthew",1901,"0.02573652736168785400"
"Michael",1901,"0.11104299445941725600"
"Christopher",1902,"0.01215308753067361700"
"Matthew",1902,"0.02689193836574587600"
"Michael",1902,"0.11894511200233753000"
"Matthew",1903,"0.02675760755508919200"
"Michael",1903,"0.12224554039874081800"
"Christopher",1903,"0.01311647429171038800"
"Christopher",1904,"0.01065717599706555900"
"Matthew",1904,"0.02404060631896184200"
"Michael",1904,"0.11450268164289042400"
"Christopher",1905,"0.01179459477310738000"
"Matthew",1905,"0.02524043281444979400"
"Michael",1905,"0.12101254237208172200"
"Matthew",1906,"0.03174225290640003200"
"Ryan",1906,"0.002333989184294119981000"
"Michael",1906,"0.12510182027816483100"
"Christopher",1906,"0.01143654700304118800"
"Christopher",1907,"0.01117342443971722600"
"Matthew",1907,"0.02664431981778723200"
"Michael",1907,"0.12591589849373643600"
"Christopher",1908,"0.01105089962508799800"
"Matthew",1908,"0.03110623598172917900"
"Michael",1908,"0.14079664707519523300"
"Matthew",1909,"0.02875451856720341800"
"Michael",1909,"0.12558095864043941600"
"Christopher",1909,"0.009780448492246060435300"
"Christopher",1910,"0.01185012637313339300"
"Matthew",1910,"0.03334964136438969300"
"Michael",1910,"0.14440225423261120900"
"Christopher",1911,"0.01288261762373133400"
"Ryan",1911,"0.000931273563161301237500"
"Matthew",1911,"0.03492275861854879600"
"Michael",1911,"0.18097749577434620700"
"Matthew",1912,"0.03845916395850053800"
"Michael",1912,"0.21375198494829772700"
"Christopher",1912,"0.01528245725719363500"
"Christopher",1913,"0.01380690732311329100"
"Ryan",1913,"0.000615594594024159449600"
"Matthew",1913,"0.04317956366655175600"
"Michael",1913,"0.23032032024989622800"
"Christopher",1914,"0.01412087326304433300"
"Matthew",1914,"0.04328047655123088100"
"Ryan",1914,"0.000635439296836994993400"
"Michael",1914,"0.23850154941281878800"
"Matthew",1915,"0.04354880167122619300"
"Michael",1915,"0.22336496897284312000"
"Christopher",1915,"0.01320652882761496100"
"Christopher",1916,"0.01344076293906061500"
"Ryan",1916,"0.000361866694513170396800"
"Matthew",1916,"0.04264857471048079700"
"Michael",1916,"0.21856748348595492000"
"Christopher",1917,"0.01310577456373467700"
"Matthew",1917,"0.04295504818988323900"
"Ryan",1917,"0.000398654739581282960600"
"Michael",1917,"0.21427692252493959100"
"Matthew",1918,"0.04435517115430763300"
"Michael",1918,"0.19925282493617323100"
"Ryan",1918,"0.000552712413137789822800"
"Christopher",1918,"0.01252814803112323600"
"Christopher",1919,"0.01241565528833463900"
"Ryan",1919,"0.000284327983702319974200"
"Matthew",1919,"0.04165404961238987600"
"Michael",1919,"0.18637699331687074300"
"Christopher",1920,"0.01294944633382611900"
"Ryan",1920,"0.000530352750873424686600"
"Matthew",1920,"0.04273759250788347300"
"Michael",1920,"0.17788915185546119700"
"Ryan",1921,"0.000728205141385311759600"
"Matthew",1921,"0.03936591323135891200"
"Michael",1921,"0.18085188864286977900"
"Christopher",1921,"0.01246515859665445400"
"Christopher",1922,"0.01341105044346019100"
"Ryan",1922,"0.000349473627191145037200"
"Matthew",1922,"0.04289788773771305300"
"Michael",1922,"0.17565418186694927400"
"Christopher",1923,"0.01276890710316060900"
"Ryan",1923,"0.000434316568134714575800"
"Matthew",1923,"0.04060859912059581300"
"Michael",1923,"0.17129445447233142900"
"Ryan",1924,"0.000293918325975577906400"
"Matthew",1924,"0.03569008243989160300"
"Michael",1924,"0.16417437922350137300"
"Christopher",1924,"0.01247053468782094800"
"Christopher",1925,"0.01225730220207148400"
"Matthew",1925,"0.03600046800608407900"
"Ryan",1925,"0.000600007800101401318200"
"Michael",1925,"0.16264497152748700000"
"Christopher",1926,"0.01176006334754123200"
"Matthew",1926,"0.03410418370786957300"
"Michael",1926,"0.15318571404926856800"
"Ryan",1926,"0.000609781062465100923100"
"Ryan",1927,"0.000388040421739576587500"
"Matthew",1927,"0.03427690392032926500"
"Michael",1927,"0.15668209917795792400"
"Christopher",1927,"0.01228794668841992500"
"Christopher",1928,"0.01176506492237047500"
"Matthew",1928,"0.03467598082382876800"
"Ryan",1928,"0.000619213943282656569400"
"Michael",1928,"0.16059755914709471500"
"Christopher",1929,"0.01245337965564808700"
"Matthew",1929,"0.03339147951624322100"
"Michael",1929,"0.15952186320806358600"
"Ryan",1929,"0.000273700651772485420900"
"Ryan",1930,"0.000629693181997071926700"
"Matthew",1930,"0.02991042614486091700"
"Michael",1930,"0.16097656416910860200"
"Christopher",1930,"0.01200914854237272900"
"Christopher",1931,"0.01126215493018651900"
"Ryan",1931,"0.000712794615834589831800"
"Matthew",1931,"0.02889194176182870800"
"Michael",1931,"0.16693649902846093900"
"Christopher",1932,"0.01155683333293863300"
"Ryan",1932,"0.000663096994512872370400"
"Matthew",1932,"0.03324957786771688600"
"Michael",1932,"0.17178948564987057800"
"Ryan",1933,"0.000550149640702271017700"
"Matthew",1933,"0.02905790374981995100"
"Michael",1933,"0.17879863322823808100"
"Christopher",1933,"0.01025278875854232400"
"Christopher",1934,"0.01304878947198627100"
"Ryan",1934,"0.000625956690538086816300"
"Matthew",1934,"0.02961256651391718400"
"Michael",1934,"0.19876532450317095200"
"Christopher",1935,"0.01287125680884700300"
"Ryan",1935,"0.000526333921551364448900"
"Matthew",1935,"0.03129294406314475900"
"Michael",1935,"0.23627608223823978600"
"Matthew",1936,"0.02926460643195618000"
"Ryan",1936,"0.000625723492788536745600"
"Michael",1936,"0.28109424599115804600"
"Christopher",1936,"0.01333272365403266800"
"Christopher",1937,"0.01379833406236096100"
"Matthew",1937,"0.02839453097866796300"
"Michael",1937,"0.33514933176639326600"
"Ryan",1937,"0.000657063526779093365000"
"Christopher",1938,"0.01428182100449109000"
"Ryan",1938,"0.000361565088721293426800"
"Matthew",1938,"0.02747894674281830000"
"Michael",1938,"0.41286213568362693200"
"Matthew",1939,"0.02822828056187893200"
"Ryan",1939,"0.000953044842121314439400"
"Michael",1939,"0.49508410393816282000"
"Christopher",1939,"0.01651944393010278400"
"Christopher",1940,"0.02197420419507534600"
"Matthew",1940,"0.02905285100099882700"
"Michael",1940,"0.57793025578668519600"
"Ryan",1940,"0.000781691058322838407100"
"Christopher",1941,"0.02565221263673142400"
"Ryan",1941,"0.000533566022844013615000"
"Matthew",1941,"0.02983865373904599200"
"Michael",1941,"0.65801003678732509800"
"Ryan",1942,"0.000951725551634771659100"
"Matthew",1942,"0.03082126594140299000"
"Michael",1942,"0.80106007584520550000"
"Christopher",1942,"0.03038200799449463400"
"Christopher",1943,"0.03199189396972284300"
"Ryan",1943,"0.001204567436290782579100"
"Matthew",1943,"0.02912218919503009600"
"Michael",1943,"0.88333764379523770700"
"Christopher",1944,"0.03758227395433177500"
"Ryan",1944,"0.000854987439119318329700"
"Matthew",1944,"0.02843762569244689200"
"Michael",1944,"0.99940596959664666500"
"Ryan",1945,"0.001319288564218255561300"
"Matthew",1945,"0.02751659005369504500"
"Michael",1945,"1.13308040686859320500"
"Christopher",1945,"0.04391346220897907800"
"Christopher",1946,"0.05069902057003224700"
"Ryan",1946,"0.002034219961143269173000"
"Matthew",1946,"0.02807223546377711500"
"Michael",1946,"1.29448369619644681200"
"Christopher",1947,"0.06393022361698495300"
"Liam",1947,"0.000138797706506697683300"
"Matthew",1947,"0.02900872065989981600"
"Ryan",1947,"0.002831473212736632739900"
"Michael",1947,"1.40682579361058637900"
"Matthew",1948,"0.03067319406139157200"
"Michael",1948,"1.52746134279654954100"
"Ryan",1948,"0.002375072627983105702900"
"Christopher",1948,"0.08894936634800143400"
"Christopher",1949,"0.11564455626925496200"
"Ryan",1949,"0.002926983806318611943900"
"Matthew",1949,"0.03498032607747439200"
"Michael",1949,"1.72849872130981951400"
"Christopher",1950,"0.13889697646458384000"
"Liam",1950,"0.000285443848057097903800"
"Matthew",1950,"0.03707915586261701800"
"Ryan",1950,"0.002825894095765269247800"
"Michael",1950,"1.86437649358493495900"
"Matthew",1951,"0.04357037062776081400"
"Michael",1951,"1.98113525111735604700"
"Ryan",1951,"0.002850398078451642046500"
"Christopher",1951,"0.15677189431484031300"
"Christopher",1952,"0.16635211249805159000"
"Ryan",1952,"0.003317563497112139965400"
"Matthew",1952,"0.05350229385818943200"
"Michael",1952,"2.08603653321986915100"
"Dylan",1953,"0.000129748806310981939000"
"Christopher",1953,"0.15842329250570894700"
"Ryan",1953,"0.003762715383018476230000"
"Matthew",1953,"0.06178638156528959900"
"Michael",1953,"2.19093834336724102100"
"Liam",1954,"0.000200971395238887161100"
"Ryan",1954,"0.003316028021441638158000"
"Matthew",1954,"0.06752638880026608600"
"Michael",1954,"2.23040566578557457500"
"Dylan",1954,"0.000175849970834026266000"
"Christopher",1954,"0.15361751023572437400"
"Dylan",1955,"0.000298866846352056179000"
"Christopher",1955,"0.19799928570823721900"
"Ryan",1955,"0.004383380413163490625300"
"Liam",1955,"0.000298866846352056179000"
"Matthew",1955,"0.08181479918887537900"
"Michael",1955,"2.20675807675199481200"
"Dylan",1956,"0.000242541544334775242800"
"Christopher",1956,"0.20412296371214684400"
"Liam",1956,"0.000436574779802595437100"
"Ryan",1956,"0.004656797651227684662000"
"Matthew",1956,"0.10608767149203069100"
"Michael",1956,"2.20540600848167780500"
"Liam",1957,"0.000666335561353203777100"
"Ryan",1957,"0.006615760216292523215200"
"Matthew",1957,"0.12469994076752813500"
"Michael",1957,"2.21404268878773809300"
"Dylan",1957,"0.000261774684817330055300"
"Christopher",1957,"0.21505980242674651900"
"Dylan",1958,"0.000532168625853525907400"
"Christopher",1958,"0.26891448243698397800"
"Liam",1958,"0.000580547591840210080800"
"Matthew",1958,"0.15459498581044927600"
"Ryan",1958,"0.007450360761949362703900"
"Michael",1958,"2.19879981461180233900"
"Christopher",1959,"0.31159361035887618500"
"Dylan",1959,"0.000721504191939355167700"
"Liam",1959,"0.000408852375432301261700"
"Matthew",1959,"0.15788916733606222300"
"Michael",1959,"2.05818690806593586300"
"Ryan",1959,"0.009788406870643918441200"
"Liam",1960,"0.000577720080659351928100"
"Ryan",1960,"0.009267592960577103845900"
"Matthew",1960,"0.16696110331055270700"
"Michael",1960,"2.03330989555061658400"
"Christopher",1960,"0.37099257846341383000"
"Dylan",1960,"0.000938795131071446883100"
"Dylan",1961,"0.000796583862176508500500"
"Christopher",1961,"0.41726511035100381600"
"Liam",1961,"0.000651750432689870591300"
"Matthew",1961,"0.17138622489252152600"
"Ryan",1961,"0.009365895106802584793900"
"Michael",1961,"2.10727812122075269900"
"Christopher",1962,"0.43624198494563702300"
"Dylan",1962,"0.000470836043738190378800"
"Liam",1962,"0.000594740265774556268000"
"Matthew",1962,"0.18062757488461419300"
"Michael",1962,"2.11665582504723848500"
"Ryan",1962,"0.009837995229687451599900"
"Ryan",1963,"0.01634422400933667000"
"Liam",1963,"0.001086246727050195966500"
"Matthew",1963,"0.20348179968347275600"
"Michael",1963,"2.12568379863006604600"
"Christopher",1963,"0.46493886072927573900"
"Dylan",1963,"0.000858892760923410764200"
"Dylan",1964,"0.000977478635017966314500"
"Christopher",1964,"0.50643682542720317900"
"Liam",1964,"0.000977478635017966314500"
"Ryan",1964,"0.01337602342656164400"
"Matthew",1964,"0.23153382088938723200"
"Michael",1964,"2.13296127409709912600"
"Dylan",1965,"0.001296441928918019908400"
"Christopher",1965,"0.68195603848170651500"
"Liam",1965,"0.000993019349809547163900"
"Ryan",1965,"0.03006641920256684500"
"Matthew",1965,"0.27600421150539802600"
"Michael",1965,"2.24386514024881203200"
"Ryan",1966,"0.04574699666651130000"
"Liam",1966,"0.001352269712783667344000"
"Matthew",1966,"0.31194272821277705000"
"Michael",1966,"2.31125911271542088100"
"Dylan",1966,"0.001783845153033773943100"
"Christopher",1966,"0.80477310928238211200"
"Dylan",1967,"0.002003042267726629504300"
"Christopher",1967,"0.87023349581540905100"
"Liam",1967,"0.001767390236229378974400"
"Ryan",1967,"0.05720453064595756600"
"Matthew",1967,"0.40110921411225755800"
"Michael",1967,"2.43852722193354848400"
"Dylan",1968,"0.003581616303517413611300"
"Christopher",1968,"0.93536425777810140600"
"Liam",1968,"0.001598407275949920124000"
"Ryan",1968,"0.06452829373279307200"
"Matthew",1968,"0.47061254222829222300"
"Michael",1968,"2.44020550781547157600"
"Liam",1969,"0.001352444039030959458300"
"Matthew",1969,"0.50449040196363364300"
"Ryan",1969,"0.06506119089891487900"
"Michael",1969,"2.46377895884829318700"
"Dylan",1969,"0.006819771005326327481400"
"Christopher",1969,"1.03145439529924982500"
"Aiden",1970,"0.000166372141761265404300"
"Christopher",1970,"1.16360675947829023800"
"Dylan",1970,"0.008956366964814787599600"
"Liam",1970,"0.001358705824383667468700"
"Matthew",1970,"0.56147824975397719500"
"Michael",1970,"2.37698651803349237600"
"Ryan",1970,"0.06507923611894831700"
"Christopher",1971,"1.41291331975631287700"
"Dylan",1971,"0.007749973049905747508200"
"Liam",1971,"0.001748114221783251317600"
"Ryan",1971,"0.18148339145813120800"
"Matthew",1971,"0.65950522540476128000"
"Michael",1971,"2.27359735685129666400"
"Liam",1972,"0.002004548734716111353600"
"Matthew",1972,"0.73331483633336854600"
"Ryan",1972,"0.28426410152307522000"
"Michael",1972,"2.28598101342347651100"
"Dylan",1972,"0.009800016036389877728900"
"Christopher",1972,"1.66797545668711094300"
"Christopher",1973,"1.61058875591067974700"
"Dylan",1973,"0.009347699620622616460900"
"Liam",1973,"0.002022020130702055333700"
"Matthew",1973,"0.81679668919064500800"
"Michael",1973,"2.26227589967465364600"
"Ryan",1973,"0.35120169319325043100"
"Christopher",1974,"1.60773428319913891000"
"Dylan",1974,"0.01296108909992144400"
"Ryan",1974,"0.43765058219633220900"
"Liam",1974,"0.002368523896432345088700"
"Matthew",1974,"0.89813110306105396700"
"Michael",1974,"2.23888010926790242200"
"Liam",1975,"0.002715935053381372262600"
"Ryan",1975,"0.51122509206026196200"
"Matthew",1975,"0.94858999913222562900"
"Michael",1975,"2.28453195496317258300"
"Dylan",1975,"0.01530197554466090200"
"Christopher",1975,"1.55262057923608033600"
"Aiden",1975,"0.000231848114313043973600"
"Dylan",1976,"0.01331528957788554500"
"Christopher",1976,"1.49849741571322821300"
"Liam",1976,"0.002307104629831653871000"
"Ryan",1976,"0.58162107718055994100"
"Matthew",1976,"0.99175836308948995200"
"Michael",1976,"2.22240093127926315000"
"Dylan",1977,"0.01684314716880863200"
"Jayden",1977,"0.000188895108435236997200"
"Christopher",1977,"1.47964686689128393900"
"Aiden",1977,"0.000157412590362697497700"
"Ryan",1977,"0.68027425051143350600"
"Liam",1977,"0.003053804253036331455500"
"Matthew",1977,"1.01159627070683919900"
"Michael",1977,"2.14543915908934927500"
"Liam",1978,"0.003529008449454516122500"
"Ryan",1978,"0.69011020589243582200"
"Matthew",1978,"1.08510708019923773400"
"Michael",1978,"2.13227731956683942000"
"Dylan",1978,"0.01537639395833753500"
"Christopher",1978,"1.49774899675331222700"
"Jayden",1978,"0.000189054024077920506600"
"Aiden",1979,"0.000210412155329860130000"
"Dylan",1979,"0.01953827156634415500"
"Christopher",1979,"1.53219125623270863000"
"Liam",1979,"0.003546947761274785049000"
"Ryan",1979,"0.71449956174153932700"
"Matthew",1979,"1.07559687916691214800"
"Michael",1979,"2.05202951541479449900"
"Dylan",1980,"0.02433034923632317900"
"Christopher",1980,"1.43400987963154908800"
"Liam",1980,"0.003309856578688356098800"
"Matthew",1980,"1.10406943962966769600"
"Ryan",1980,"0.73737217130656298100"
"Michael",1980,"2.00998299198259828400"
"Liam",1981,"0.003555697398010023597700"
"Matthew",1981,"1.25839888969735233500"
"Michael",1981,"2.00151073777252035600"
"Ryan",1981,"0.79456828196506917600"
"Aiden",1981,"0.000173448653561464565700"
"Christopher",1981,"1.46023530622504326800"
"Dylan",1981,"0.02168108169518307100"
"Jayden",1981,"0.000260172980342196848600"
"Christopher",1982,"1.70059513560174378500"
"Dylan",1982,"0.02021226008988041400"
"Liam",1982,"0.004447267382258596054700"
"Ryan",1982,"0.77773013753459460900"
"Matthew",1982,"1.32043929879136956400"
"Michael",1982,"1.96113088307905987000"
"Jayden",1983,"0.000173251523963717665900"
"Aiden",1983,"0.000144376269969764721500"
"Dylan",1983,"0.02304245268717445000"
"Christopher",1983,"1.72506542410673679900"
"Liam",1983,"0.004186911829123176924700"
"Matthew",1983,"1.45895108329846646400"
"Ryan",1983,"0.82176085341390684200"
"Michael",1983,"1.98029379415928687400"
"Liam",1984,"0.004156317674525928972800"
"Matthew",1984,"1.43493284680529658200"
"Michael",1984,"1.95613508319084807500"
"Ryan",1984,"0.83891689227827836700"
"Aiden",1984,"0.000171985558945900509200"
"Christopher",1984,"1.73163660024679927700"
"Dylan",1984,"0.02843494574572221800"
"Jayden",1985,"0.000280187546336015475300"
"Christopher",1985,"1.68179772812729928900"
"Aiden",1985,"0.000532356338038429403100"
"Dylan",1985,"0.03793739377389649500"
"Ryan",1985,"0.85387154745900716100"
"Liam",1985,"0.004202813195040232129800"
"Matthew",1985,"1.32722038823907170500"
"Michael",1985,"1.83424777208872530900"
"Dylan",1986,"0.05251524994503891100"
"Jayden",1986,"0.000393583243699435095600"
"Christopher",1986,"1.60531359869465305900"
"Aiden",1986,"0.000140565444178369677000"
"Liam",1986,"0.004273189503022438180700"
"Ryan",1986,"0.84977433623591604500"
"Matthew",1986,"1.32721892393216649000"
"Michael",1986,"1.82243098377256286200"
"Liam",1987,"0.004076973255055446836300"
"Ryan",1987,"0.80951493447998899500"
"Matthew",1987,"1.29797515875234634000"
"Michael",1987,"1.78077754258911653400"
"Dylan",1987,"0.05641199728423659100"
"Jayden",1987,"0.000332814143269832394800"
"Aiden",1987,"0.000194141583574068897000"
"Christopher",1987,"1.52182040461324777800"
"Dylan",1988,"0.05988952507038304700"
"Jayden",1988,"0.000433001536884829980600"
"Christopher",1988,"1.44427662627935040000"
"Aiden",1988,"0.000541251921106037475700"
"Ryan",1988,"0.76754934932047174400"
"Liam",1988,"0.004627703925456620417600"
"Matthew",1988,"1.24837049343502013600"
"Michael",1988,"1.74962389757132144200"
"Dylan",1989,"0.07582299816880306300"
"Christopher",1989,"1.38973281171966039600"
"Jayden",1989,"0.000780339603795571832900"
"Aiden",1989,"0.000494215082403862160800"
"Liam",1989,"0.005826535708340269685400"
"Ryan",1989,"0.75365198934576327600"
"Matthew",1989,"1.18476360912269019500"
"Michael",1989,"1.71097261528217080100"
"Liam",1990,"0.007008071932671909649000"
"Ryan",1990,"0.75176118919643726800"
"Matthew",1990,"1.13725574529074011100"
"Michael",1990,"1.65962275321087339000"
"Aiden",1990,"0.000404798378782492976100"
"Dylan",1990,"0.11362184494451099700"
"Christopher",1990,"1.32950967531375036800"
"Jayden",1990,"0.000860196554912797574200"
"Aiden",1991,"0.000693136790545614177000"
"Dylan",1991,"0.25361105014074527600"
"Jayden",1991,"0.001283586649158544772100"
"Christopher",1991,"1.21347714638150505700"
"Liam",1991,"0.006931367905456141769600"
"Matthew",1991,"1.07176918031440171400"
"Ryan",1991,"0.71796135634034043300"
"Michael",1991,"1.56795243541312878100"
"Aiden",1992,"0.001015270712824170732100"
"Christopher",1992,"1.10893594422779550900"
"Dylan",1992,"0.39639813190188840400"
"Jayden",1992,"0.001666085272326844278300"
"Liam",1992,"0.007939937625932617263800"
"Matthew",1992,"0.98470846110992518200"
"Michael",1992,"1.42314921355568629700"
"Ryan",1992,"0.71326672463255010000"
"Liam",1993,"0.01060895395713982600"
"Ryan",1993,"0.71814661574368767200"
"Matthew",1993,"0.95088054317844260600"
"Michael",1993,"1.32065563335455124100"
"Aiden",1993,"0.001511775938892425206900"
"Christopher",1993,"1.01710693825588796900"
"Dylan",1993,"0.34327922766815192000"
"Jayden",1993,"0.002705283259070655633400"
"Jayden",1994,"0.006105787748831024072400"
"Aiden",1994,"0.002743569825465922710900"
"Dylan",1994,"0.34259655751921036800"
"Christopher",1994,"0.93900022163740550800"
"Liam",1994,"0.01796769258246310200"
"Matthew",1994,"0.90720708895406511000"
"Ryan",1994,"0.65695048448215388500"
"Michael",1994,"1.20149529935036570200"
"Jayden",1995,"0.008546660808699790757000"
"Aiden",1995,"0.004423511345077846973300"
"Christopher",1995,"0.89516032361535220600"
"Dylan",1995,"0.33490349782333205600"
"Liam",1995,"0.03312172383691005200"
"Matthew",1995,"0.89958383496043005300"
"Michael",1995,"1.13525868940096645500"
"Ryan",1995,"0.64012578063370349700"
"Ryan",1996,"0.60842150112397996700"
"Liam",1996,"0.04792577098664850500"
"Matthew",1996,"0.88133518785229759900"
"Michael",1996,"1.05639585590135406800"
"Jayden",1996,"0.01074765573613627800"
"Christopher",1996,"0.84933897804599393500"
"Aiden",1996,"0.005264157911576952529600"
"Dylan",1996,"0.33435627985250487600"
"Dylan",1997,"0.36270115972806376400"
"Jayden",1997,"0.01563771253637078200"
"Christopher",1997,"0.80441827433567301500"
"Aiden",1997,"0.008163603017223547581900"
"Liam",1997,"0.05824841071748693400"
"Ryan",1997,"0.57605802777279810300"
"Matthew",1997,"0.87055449067115297100"
"Michael",1997,"1.03986651405877242600"
"Dylan",1998,"0.40004730426839463200"
"Jayden",1998,"0.02338027058585249000"
"Aiden",1998,"0.01079298537509702100"
"Christopher",1998,"0.73569011898110955700"
"Liam",1998,"0.06005467177226529000"
"Ryan",1998,"0.56207801670058165200"
"Matthew",1998,"0.84824165412695758800"
"Michael",1998,"0.99899002668341346500"
"Ryan",1999,"0.58116288343201209100"
"Liam",1999,"0.07355224307270248000"
"Matthew",1999,"0.82445107205710491100"
"Michael",1999,"0.92144690824756975800"
"Dylan",1999,"0.43611580268724216400"
"Jayden",1999,"0.04409886049519040900"
"Christopher",1999,"0.69488867406448287500"
"Aiden",1999,"0.01388748645428648200"
"Dylan",2000,"0.41092190367448784200"
"Christopher",2000,"0.66099882091101224700"
"Jayden",2000,"0.06251261561725454000"
"Aiden",2000,"0.02478811715335061500"
"Liam",2000,"0.07388816564493945400"
"Ryan",2000,"0.54806341842685666800"
"Matthew",2000,"0.75724126509872787000"
"Michael",2000,"0.85075886823330036200"
"Aiden",2001,"0.04418319195513295700"
"Dylan",2001,"0.44599913717224900200"
"Christopher",2001,"0.61899209430734031300"
"Jayden",2001,"0.09731521662185572100"
"Liam",2001,"0.08091347547285231400"
"Ryan",2001,"0.50097435424822459200"
"Matthew",2001,"0.71753610586869791800"
"Michael",2001,"0.79564472332746984400"
"Liam",2002,"0.09046660653392524500"
"Matthew",2002,"0.67376489810068275300"
"Ryan",2002,"0.48622457331968041900"
"Michael",2002,"0.75842687612548269400"
"Aiden",2002,"0.07784087079057435300"
"Dylan",2002,"0.40330130890360464800"
"Jayden",2002,"0.13099200833726550100"
"Christopher",2002,"0.58094434083494632500"
"Aiden",2003,"0.15226848484179067700"
"Christopher",2003,"0.54687791749309795100"
"Dylan",2003,"0.42800856490503338100"
"Jayden",2003,"0.18130206122613211200"
"Liam",2003,"0.09420133207310780800"
"Matthew",2003,"0.63245333194477098500"
"Michael",2003,"0.71592486404975261000"
"Ryan",2003,"0.53059912783557317900"
"Aiden",2004,"0.19061930075376272900"
"Christopher",2004,"0.51640453895853925500"
"Dylan",2004,"0.40489591176032632400"
"Jayden",2004,"0.21746930110705220800"
"Liam",2004,"0.10054356857440368000"
"Ryan",2004,"0.52852105958580341600"
"Matthew",2004,"0.60156038803222732800"
"Michael",2004,"0.67041258192063338800"
"Liam",2005,"0.10821432834687464500"
"Matthew",2005,"0.55956248226660775300"
"Ryan",2005,"0.48544307928929635200"
"Michael",2005,"0.62127663779824282400"
"Jayden",2005,"0.25442460327264471300"
"Aiden",2005,"0.23957471586912021800"
"Dylan",2005,"0.37059701488655700300"
"Christopher",2005,"0.49987685776382541400"
"Jayden",2006,"0.28606221385564246200"
"Aiden",2006,"0.29650078023860591300"
"Christopher",2006,"0.49859951340610168300"
"Dylan",2006,"0.34250124226522451000"
"Liam",2006,"0.11436928058815887400"
"Matthew",2006,"0.51462385017801167800"
"Michael",2006,"0.57417170102126080700"
"Ryan",2006,"0.43278346773724738300"
"Jayden",2007,"0.43261295372647185600"
"Christopher",2007,"0.50162192339178960800"
"Aiden",2007,"0.33238861829735687400"
"Dylan",2007,"0.33093790418333424600"
"Ryan",2007,"0.41090226664075391100"
"Liam",2007,"0.12886343302490651000"
"Matthew",2007,"0.46970621288329180000"
"Michael",2007,"0.55224684350871716600"
"Liam",2008,"0.15245143329276780400"
"Ryan",2008,"0.38821313590537785000"
"Matthew",2008,"0.44840003581705624500"
"Michael",2008,"0.52674984635296894900"
"Dylan",2008,"0.31266153288860488500"
"Jayden",2008,"0.48475129531569886000"
"Christopher",2008,"0.45801569438282735000"
"Aiden",2008,"0.40021998998750473200"
"Dylan",2009,"0.31195960307661946700"
"Jayden",2009,"0.49946514854527471100"
"Aiden",2009,"0.42251563658577632800"
"Christopher",2009,"0.42900661582589728000"
"Liam",2009,"0.22477632949257555000"
"Ryan",2009,"0.35723941793714062400"
"Matthew",2009,"0.41950570669620411200"
"Michael",2009,"0.49752832409459345900"
"Dylan",2010,"0.29835474725743864600"
"Jayden",2010,"0.50499543999885289800"
"Christopher",2010,"0.38714693808976668600"
"Aiden",2010,"0.42353496266913329700"
"Ryan",2010,"0.33671773525263705000"
"Liam",2010,"0.29637978384160685200"
"Matthew",2010,"0.38316995696473554000"
"Michael",2010,"0.47139400763634484600"
"Liam",2011,"0.36801065407654556000"
"Ryan",2011,"0.32826561277614466500"
"Matthew",2011,"0.38832053419084945600"
"Michael",2011,"0.46084020033250253300"
"Dylan",2011,"0.28401030200217695700"
"Christopher",2011,"0.35658463807684296400"
"Jayden",2011,"0.49465355390100040500"
"Aiden",2011,"0.42675349709894000500"
"Aiden",2012,"0.41038830245716305600"
"Dylan",2012,"0.28966656360485609800"
"Christopher",2012,"0.32640796238599299800"
"Jayden",2012,"0.46413353311468920600"
"Liam",2012,"0.46055234022753970100"
"Ryan",2012,"0.31194650408597706000"
"Matthew",2012,"0.38310562687414622000"
"Michael",2012,"0.44390389390483704300"
"Wrenley",2013,"0.000219398863568736429800"
"Aiden",2013,"0.37635132559422125300"
"Dylan",2013,"0.29454297434102865700"
"Jayden",2013,"0.42514014788031901700"
"Christopher",2013,"0.29873897760678074100"
"Liam",2013,"0.49844679317022307700"
"Matthew",2013,"0.36697202417665777100"
"Ryan",2013,"0.28338105715696919100"
"Michael",2013,"0.42736156137395247300"
"Liam",2014,"0.49956490378520219700"
"Matthew",2014,"0.34956056091535827600"
"Michael",2014,"0.41918135015237808500"
"Ryan",2014,"0.26175906189695475800"
"Wrenley",2014,"0.000350666509136481023800"
"Aiden",2014,"0.36404578517738060700"
"Christopher",2014,"0.28069505339032473300"
"Dylan",2014,"0.30329955605619943300"
"Jayden",2014,"0.36617675857905614600"
"Aiden",2015,"0.36646630689972908100"
"Christopher",2015,"0.26657006608333529200"
"Dylan",2015,"0.30020198058209415300"
"Jayden",2015,"0.32491941171973620700"
"Liam",2015,"0.49788740251134503100"
"Ryan",2015,"0.24928137107995724300"
"Matthew",2015,"0.34577390006756097800"
"Kehlani",2015,"0.001350679297138910072000"
"Michael",2015,"0.39277753960799504900"
"Wrenley",2015,"0.000486244546970007625900"
"Wrenley",2016,"0.000626743983257760725500"
"Jayden",2016,"0.28743024066968957100"
"Aiden",2016,"0.33547152947331705600"
"Dylan",2016,"0.28781173700732473000"
"Christopher",2016,"0.24849036449250087200"
"Liam",2016,"0.49856121381234740100"
"Matthew",2016,"0.34544493372863620500"
"Ryan",2016,"0.24385790896407394500"
"Michael",2016,"0.38637404080920823200"
"Kehlani",2016,"0.008992413672828740844100"
"Liam",2017,"0.52864958152767765100"
"Kehlani",2017,"0.01671597132791620300"
"Matthew",2017,"0.32830950375648128200"
"Michael",2017,"0.35668193000704139300"
"Ryan",2017,"0.23701458342709278800"
"Wrenley",2017,"0.002236250344871732873200"
"Jayden",2017,"0.27609305820372632000"
"Aiden",2017,"0.31869362727353283100"
"Christopher",2017,"0.23254208273734932200"
"Dylan",2017,"0.28537349713494401100"
"Jayden",2018,"0.25292616466585087400"
"Christopher",2018,"0.20897114549168209500"
"Aiden",2018,"0.28712919705040782100"
"Dylan",2018,"0.26685757436529634700"
"Ryan",2018,"0.22210647463687354100"
"Liam",2018,"0.56865739877267123700"
"Matthew",2018,"0.28485468118111060100"
"Kehlani",2018,"0.02598634380672073900"
"Michael",2018,"0.33480873596055079700"
"Wrenley",2018,"0.002416673111128296342100"
"Wrenley",2019,"0.005874591298348030370500"
"Dylan",2019,"0.23855448193879942900"
"Jayden",2019,"0.23512763701476307800"
"Christopher",2019,"0.20235663261515494800"
"Aiden",2019,"0.27204541174261687700"
"Liam",2019,"0.59497515105474831100"
"Ryan",2019,"0.19869941156177161500"
"Matthew",2019,"0.26758187423651910900"
"Michael",2019,"0.30674581622550597800"
"Kehlani",2019,"0.03804085835842033400"
"Kehlani",2020,"0.05148648143300549700"
"Liam",2020,"0.59528065517370330200"
"Ryan",2020,"0.18045697617890131300"
"Matthew",2020,"0.24379043416476571600"
"Michael",2020,"0.29488799970083392500"
"Wrenley",2020,"0.009214315096668037844500"
"Dylan",2020,"0.22356680752402677500"
"Jayden",2020,"0.21869040050858232700"
"Aiden",2020,"0.25931715343480049400"
"Christopher",2020,"0.18629071463296062200"
"Dylan",2021,"0.21540593385389030000"
"Jayden",2021,"0.20915287922195482900"
"Christopher",2021,"0.17325680616975922500"
"Aiden",2021,"0.24608129619923411900"
"Ryan",2021,"0.15839105364855414300"
"Liam",2021,"0.60330178981890622900"
"Kehlani",2021,"0.05556959871021899600"
"Matthew",2021,"0.22118705983435894200"
"Michael",2021,"0.27068057715694252800"
"Wrenley",2021,"0.01905411930297318000"
"Wrenley",2022,"0.03351900202561088000"
"Dylan",2022,"0.21469880592615955800"
"Christopher",2022,"0.16520290513768040800"
"Jayden",2022,"0.19579822328616752000"
"Aiden",2022,"0.23321547048127675800"
"Liam",2022,"0.60851016452661866500"
"Ryan",2022,"0.14523916472418881800"
"Kehlani",2022,"0.05552046150497661200"
"Matthew",2022,"0.20926488841716184700"
"Michael",2022,"0.26324967758263910600"
"Kehlani",2023,"0.05640756790475748100"
"Liam",2023,"0.63146311578513000000"
"Ryan",2023,"0.13477487347511038700"
"Matthew",2023,"0.21839079766333912300"
"Michael",2023,"0.25488981218994690400"
"Wrenley",2023,"0.05052549531575870600"
"Aiden",2023,"0.20288625760823466000"
"Dylan",2023,"0.22698767298572194700"
"Christopher",2023,"0.15697592693922883900"
"Jayden",2023,"0.17320441438990238200"
"Aiden",2024,"0.18806022473899801300"
"Dylan",2024,"0.23618952354686310000"
"Jayden",2024,"0.15698108150632441100"
"Christopher",2024,"0.15201559760197040000"
"Liam",2024,"0.66669099554362775900"
"Kehlani",2024,"0.05916703110127852200"
"Matthew",2024,"0.21282781915348669700"
"Ryan",2024,"0.12880345597679743000"
"Michael",2024,"0.24662900476746279900"
"Wrenley",2024,"0.05997467004957706600"
"Wrenley",2025,"0.05637425750518121400"
"Ryan",2025,"0.11838895704004080400"
"Kehlani",2025,"0.05990330412268051900"
"Michael",2025,"0.24452975152193905700"
"Matthew",2025,"0.21138084355072763200"
"Liam",2025,"0.62877355374692754300"
"Jayden",2025,"0.14230805078086943000"
"Dylan",2025,"0.19744563383034575900"
"Aiden",2025,"0.15301584179977758000"
"Christopher",2025,"0.14321293452894617500"
