"first_name","early_male","early_female","recent_female","recent_male"
"Ashley","4220","3812","856045","11645"
"Madison","3252","5","419801","4617"
"Taylor","6128","145","330000","107413"
"Morgan","10498","571","223055","35145"
"Sydney","6098","5973","172323","3306"
"Lindsey","5322","1365","156186","2413"
"Kelsey","948","454","149962","4374"
"Aubrey","21766","1057","132458","9324"
"Addison","2905","0","148893","10522"
"Harper","976","0","139063","5793"
"Lindsay","3792","1999","128366","1344"
"Avery","7212","813","169193","59668"
"Bailey","2162","17","110789","19576"
"Whitney","2980","2745","94918","3014"
"Kennedy","1663","21","93642","5794"
"Skylar","58","0","87442","18216"
"Cheyenne","387","289","70443","2309"
"Sidney","68105","4637","20148","16097"
"Mckenzie","159","0","64779","2107"
"Reagan","710","142","65597","7131"
"Mallory","661","620","58424","439"
"Cassidy","23","17","60831","3712"
"Ariel","876","761","77936","21092"
"Riley","9678","72","141888","95347"
"Lacey","948","775","52999","511"
"Kendall","10572","1390","65143","24778"
"Hadley","800","56","46539","1296"
"Emery","11267","110","43727","9145"
"Delaney","314","47","45390","899"
"Peyton","1313","147","88072","51070"
"Payton","890","32","60013","23849"
"London","552","98","44357","9772"
"Harley","20939","90","31077","19766"
"Diamond","281","227","33506","2283"
"Reese","3054","11","44764","16552"
"Presley","1108","0","31778","3837"
"Marley","270","117","32928","5089"
"Paris","2563","1023","32640","6697"
"Charley","20256","540","10807","3718"
"Kerry","35353","22034","26641","14616"
"Blair","7727","778","22489","7282"
"Lacy","5517","1728","18483","957"
"Kenzie","83","5","21386","400"
"Blakely","124","5","20797","1110"
"Kinley","69","0","19959","285"
"Stevie","7432","230","17516","5005"
"Kelsie","247","140","19451","98"
"Haven","777","111","22778","4094"
"Remi","239","60","22821","3946"
"Quinn","1930","195","52308","35062"
"Kiley","78","48","19127","1019"
"Emerson","8695","0","34050","24826"
"Monroe","13669","20","7246","3425"
"Bria","5","0","16815","50"
"Mckinley","6349","0","13098","3437"
"Miley","75","68","15636","0"
"Emory","11789","136","10656","7181"
"Carlie","1154","876","14143","138"
"Harlow","1448","0","13986","1221"
"Cortney","180","133","16790","2993"
"Saylor","5","0","14482","875"
"Regan","1003","600","15707","2743"
"Ivory","5962","3128","11418","2606"
"Ansley","103","82","11796","187"
"Clair","11690","2043","2267","351"
"Collins","1821","0","10779","1865"
"Bristol","41","0","11043","532"
"Carey","11285","4346","8395","5595"
"Palmer","5003","240","9149","4261"
"Jaycee","89","11","11088","1524"
"Brook","1118","520","10110","2273"
"Jayde","8","0","8647","396"
"Kalani","46","21","10257","2191"
"Harlee","141","6","8017","338"
"Kinsey","72","5","7813","223"
"Whitley","78","0","8148","765"
"Leighton","2227","6","12406","7184"
"Sol","5957","145","3952","2328"
"Arden","5334","1219","6299","3233"
"Holland","1290","60","7775","1882"
"Finley","1742","0","22908","17638"
"Akira","602","0","7817","1418"
"Oakley","1544","62","15298","9841"
"Kenley","166","0","7290","995"
"Ireland","103","0","6347","106"
"Sky","163","11","9732","4042"
"Sloan","375","213","8172","2508"
"Kendal","927","261","8862","3750"
"Lennon","542","0","12576","7461"
"Adley","58","5","6155","605"
"Henley","185","0","6725","1362"
"Berkley","1107","5","5505","1095"
"Waverly","1640","242","4321","347"
"Marin","257","120","5976","753"
"Andie","36","28","5504","175"
"Ellery","1385","10","4734","876"
"Linsey","201","33","5092","39"
"Harlie","747","5","4487","31"
"Marlen","532","260","5252","394"
"Ellison","1083","28","5667","1880"
"Merritt","4078","234","2997","2073"
"Elisha","3849","845","13521","11819"
"Tinsley","67","0","4659","21"
"Marlowe","899","155","4650","763"
"Arlie","5987","1720","865","725"
"Ivey","1515","886","4031","288"
"Lorin","3627","426","2251","1102"
"Halley","94","90","4022","32"
"Ensley","10","0","3794","6"
"Aubry","1183","5","3015","428"
"Sheridan","1590","1135","4469","1178"
"Kayle","59","24","4004","567"
"Alva","10584","7680","1209","685"
"Jersey","11","0","4031","631"
"Loran","3144","154","663","570"
"Kiah","11","0","3313","254"
"Hartley","1089","0","2219","519"
"Campbell","829","0","7300","5385"
"Adison","7","0","3249","653"
"Alexi","29","18","4202","1727"
"Berlin","1213","70","1726","422"
"Merlyn","3232","1124","511","178"
"Clarke","2312","0","1688","1598"
"Caley","11","0","2481","140"
"Neely","368","137","2102","23"
"Irie","109","23","2732","518"
"Ricki","1628","1573","2869","675"
"Rainey","334","101","2081","116"
"Arlyn","1705","697","1647","476"
"Emmerson","149","0","2480","464"
"Lindsy","5","0","2153","0"
"Aime","464","73","1777","10"
"Salem","131","0","6491","4556"
"Larkin","1278","18","2001","1243"
"Berkeley","408","5","2068","492"
"Carrol","5918","4052","200","149"
"Hensley","23","0","2038","156"
"Elza","2072","505","326","39"
"Jia","5","0","2033","209"
"Harlyn","191","0","1843","231"
"Auburn","588","5","1332","140"
"Linley","84","24","1638","0"
"Chesley","1708","28","597","586"
"Ripley","60","0","2555","975"
"Harvie","1599","16","102","47"
"Allyn","2343","887","1028","880"
"Emry","95","0","2368","863"
"Rhyan","5","0","3097","1507"
"Amor","10","0","2257","691"
"Kyley","5","0","1603","71"
"Laurin","456","253","1344","25"
"Mabry","202","18","1297","11"
"Kelcey","53","35","2088","645"
"Lindley","602","64","936","26"
"Marlow","930","62","1841","1263"
"Linzy","510","0","974","55"
"Alexie","19","0","1645","253"
"Yuri","139","92","3677","2316"
"Alexius","6","0","1515","129"
"Markie","49","5","1595","287"
"Charly","69","0","2518","1246"
"Romie","1433","234","437","311"
"Lemon","1033","16","343","38"
"Brinkley","16","0","1308","22"
"Imari","6","0","2365","1080"
"Carrington","224","5","2658","1594"
"Daniell","101","85","1962","735"
"Winslow","1034","0","935","755"
"Kenyatta","227","167","4088","2989"
"Arleigh","486","10","700","31"
"Natale","971","16","355","181"
"Izel","10","0","1524","410"
"Alley","42","6","1072","0"
"Henny","58","5","1051","0"
"Fate","1058","0","143","128"
"Emmery","7","0","1102","37"
"Lorenza","2904","2114","1070","788"
"Pink","1089","28","10","0"
"Mckinsey","5","0","1080","17"
"Michal","1428","1024","3007","2354"
"Elliotte","26","0","1029","37"
"Berlyn","82","5","932","5"
"Reilly","13","0","5528","4547"
"Harlowe","26","0","994","40"
"Posey","396","16","583","0"
"Kary","913","707","1255","503"
"Bevin","50","49","988","86"
"Hillery","484","33","462","17"
"Kelcy","11","10","957","66"
"Ivon","302","145","1011","278"
"Linzie","327","0","570","11"
"Halsey","374","0","543","39"
"Bela","299","28","782","186"
"Izzy","15","0","1187","360"
"Estee","43","21","809","0"
"Aly","23","0","1483","691"
"Emsley","10","0","797","0"
"Jadie","50","17","783","11"
"Dallis","467","32","825","472"
"Pressley","252","0","573","47"
"Sascha","28","9","1126","367"
"Ravin","10","0","994","237"
"Ricci","584","194","660","295"
"Arly","5","0","820","70"
"Albany","5","0","725","0"
"Blakley","5","0","767","44"
"Elizah","241","0","815","329"
"Parris","573","101","1568","1330"
"Farren","145","0","731","177"
"Marshell","811","318","318","114"
"Laramie","36","6","1807","1156"
"Perl","85","10","606","0"
"Carmon","1109","937","649","141"
"Langley","81","0","670","82"
"Haile","24","0","846","203"
"Linn","1328","696","148","122"
"Chaka","37","0","841","225"
"Malin","21","0","840","209"
"Weslie","221","12","616","174"
"Tomie","893","364","112","11"
"Selby","550","38","255","138"
"Americus","142","0","480","0"
"Lesslie","142","16","483","0"
"Matty","111","106","653","60"
"Brazil","5","0","653","64"
"Tallie","112","43","518","0"
"Lorren","316","45","364","52"
"Wallis","608","292","281","17"
"Pleasant","629","62","11","0"
"Posie","60","11","522","0"
"Aubery","484","0","103","19"
"Sonnie","495","149","602","384"
"Lan","55","0","769","263"
"Landry","299","0","5842","5580"
"Teddie","1170","702","379","288"
"Samie","587","85","97","44"
"Embry","108","0","712","271"
"Lemmie","661","130","20","5"
"Colie","520","15","86","47"
"Alyn","221","28","449","100"
"Carle","445","21","123","17"
"Morley","507","7","41","11"
"Aster","124","59","693","232"
"Windsor","304","0","476","260"
"Estes","512","11","45","33"
"Laren","220","56","495","150"
"Lannie","1605","1211","355","253"
"Fiore","460","0","35","5"
"Bradie","77","24","558","124"
"Lenzie","331","0","184","42"
"Lenzy","437","0","54","30"
"Harvest","153","0","441","135"
"Ivery","648","275","230","149"
"Embree","10","0","444","0"
"Lorrin","205","0","244","10"
"Arin","49","17","2590","2198"
"Lace","16","5","412","0"
"Romey","259","0","231","68"
"Stevee","11","0","403","0"
"English","181","15","250","5"
"Talley","69","5","355","12"
"Vail","45","10","424","68"
"Ellington","42","0","1004","658"
"Harlo","122","0","447","184"
"Rooney","97","0","858","574"
"Toy","1019","736","231","133"
"Grier","137","0","424","195"
"Bay","21","0","523","183"
"Daley","19","0","472","133"
"Dailey","86","0","284","15"
"Meron","5","0","394","45"
"Smiley","352","0","6","5"
"Worthy","346","0","64","58"
"Raney","58","19","323","13"
"Dalis","6","0","347","10"
"Linzey","16","0","325","0"
"Dabney","205","115","276","27"
"Lin","684","602","432","179"
"Daily","68","0","271","5"
"Shade","310","0","869","846"
"Aubra","305","5","32","5"
"Hiromi","16","10","312","0"
"Mc","166","0","209","61"
"Atley","34","0","901","625"
"Hilliary","5","0","303","0"
"Iley","108","0","191","0"
"Masami","288","0","10","0"
"Kearney","259","0","52","16"
"Mckenley","12","0","307","29"
"Hong","17","0","450","181"
"Sequoyah","5","0","477","196"
"Corley","87","0","366","168"
"Esley","245","0","58","23"
"Clary","172","98","210","5"
"Shenandoah","40","18","329","72"
"Amel","214","0","476","416"
"Katsumi","265","0","5","0"
"Briane","10","0","296","45"
"Rogue","24","0","659","423"
"Waverley","11","0","241","0"
"Happy","211","65","205","99"
"Jolly","337","97","22","11"
"Maitland","185","11","115","41"
"Dann","945","851","294","144"
"Gradie","415","191","31","11"
"Staley","172","5","152","84"
"Mabrey","5","0","230","0"
"Numa","152","0","99","18"
"Searcy","226","6","5","0"
"Willoughby","177","0","91","46"
"Amzie","55","0","163","0"
"Vale","52","16","324","147"
"Chancie","22","0","191","5"
"Emary","13","0","193","0"
"Rossi","51","0","394","243"
"Chi","6","5","758","557"
"Raymie","97","38","156","15"
"Hawley","145","5","62","5"
"Mell","342","177","25","0"
"Jessel","10","0","174","0"
"Ande","11","0","202","30"
"Rudie","131","5","67","12"
"Le","422","386","492","353"
"Rocklyn","24","0","154","5"
"Rannie","205","40","5","0"
"Bobie","377","314","106","0"
"Currie","153","0","54","42"
"Ramey","158","7","425","415"
"Harly","6","0","175","22"
"Bergen","5","0","551","398"
"Arbor","5","0","401","249"
"Man","105","0","150","102"
"Nemiah","151","0","80","79"
"Day","90","28","138","52"
"Stevey","18","0","135","5"
"Eri","10","0","513","381"
"Swan","101","7","71","23"
"Karle","51","0","94","5"
"Graylyn","5","0","134","0"
"Farrin","15","0","123","0"
"Sibley","18","0","117","0"
"Sugar","35","14","121","11"
"Lenis","164","41","14","6"
"Fortune","29","23","303","179"
"Elis","47","0","320","239"
"Hollan","17","0","129","20"
"Eslie","60","0","66","0"
"Alvia","441","355","38","0"
"Hager","84","0","39","0"
"Clarion","113","0","10","0"
"Kazumi","111","11","21","0"
"Merrit","121","25","87","62"
"Seraphim","5","0","224","110"
"Tyronza","6","0","108","0"
"Ferrin","22","0","95","6"
"Hilery","73","0","36","0"
"Merit","28","18","298","200"
"Kaoru","162","66","17","6"
"Kellis","57","0","104","54"
"Farin","12","0","97","5"
"Rus","11","0","92","0"
"Cheney","8","0","209","116"
"Lessley","43","0","54","0"
"Maclyn","8","0","94","6"
"Prue","6","5","90","0"
"Carnie","90","11","11","0"
"Iria","10","5","85","0"
"Daney","11","0","77","0"
"Emra","6","0","79","0"
"Rimas","53","0","43","12"
"March","143","76","27","12"
"Delancey","5","0","99","23"
"Elbie","81","5","5","0"
"Summers","11","0","65","0"
"Lowe","40","0","48","12"
"Ah","74","10","11","0"
"Jaydee","20","7","596","535"
"Flory","31","5","48","0"
"Darly","26","0","124","78"
"Nazareth","33","0","1204","1165"
"Massey","49","0","43","20"
"Kendel","91","45","756","731"
"Rocki","5","0","65","0"
"Larin","20","0","87","38"
"Challis","16","15","82","15"
"Greeley","33","0","39","5"
"Kippy","151","86","16","15"
"Noris","72","24","24","6"
"Randyl","55","0","11","0"
"Malone","57","0","338","332"
"Emeral","10","0","53","0"
"Jem","10","0","107","54"
"Mosley","6","0","75","19"
"Rayme","15","5","62","11"
"Southern","6","0","114","61"
"Choyce","12","0","262","215"
"Marris","57","0","6","5"
"Moran","52","0","5","0"
"Marrin","16","0","40","0"
"Medley","5","0","50","0"
"Amory","57","5","625","622"
"Darriell","6","0","54","5"
"Stonie","25","0","28","0"
"Nebraska","43","16","26","0"
"Henly","10","0","42","0"
"Marle","6","0","46","0"
"Laudie","46","0","5","0"
"Camiel","35","0","15","0"
"Cashmere","5","0","697","652"
"Yoshimi","65","23","7","0"
"Hilaire","29","0","19","0"
"Chesleigh","10","0","38","0"
"Leal","24","0","23","0"
"Yarnell","11","0","88","53"
"Kery","25","10","66","35"
"Trinell","5","0","40","0"
"Arza","33","0","11","0"
"Meritt","5","0","89","50"
"Arzo","39","0","5","0"
"Mckinney","20","0","38","15"
"Carrey","6","5","42","0"
"Danieal","13","0","29","0"
"Esper","33","5","21","7"
"Phalon","10","0","37","5"
"Glenny","16","0","25","0"
"Money","6","0","68","35"
"Jennis","29","5","15","0"
"Stevy","5","0","33","0"
"Carris","17","0","21","0"
"Murphey","10","0","27","0"
"Galyn","37","27","25","0"
"Rell","12","0","23","0"
"Mckinly","5","0","30","0"
"Ebby","5","0","29","0"
"Chappell","30","0","16","12"
"Gaylin","97","66","15","13"
"Penrose","21","0","12","0"
"Cheyney","5","0","28","0"
"Claren","17","5","20","0"
"Kipley","27","0","5","0"
"Shenan","20","5","22","5"
"Lindsley","15","0","15","0"
"Lenley","5","0","25","0"
"Barin","6","0","50","26"
"Carmi","33","28","46","22"
"Wellesley","6","0","42","20"
"Emel","6","0","21","0"
"Ronne","67","54","14","0"
"Iry","15","0","12","0"
"Simmons","17","0","10","0"
"Tullie","17","0","10","0"
"Ohara","6","0","20","0"
"Delacy","5","0","20","0"
"Jemmie","110","91","6","0"
"Seiko","24","5","6","0"
"Sellers","22","0","11","10"
"Merdith","63","51","11","0"
"Gold","10","5","23","6"
"Alonzia","5","0","17","0"
"Rhonnie","15","0","6","0"
"Laurien","5","0","16","0"
"Malen","15","0","5","0"
"Yardley","6","0","107","93"
"Beasley","6","0","18","5"
"Void","17","0","9","7"
"Ynes","23","10","6","0"
"Cleary","10","0","8","0"
"Devry","17","0","11","10"
"Blaney","5","0","13","0"
"Erike","6","0","17","5"
"Tolly","11","0","6","0"
"Semon","12","0","5","0"
"Fiori","6","0","11","0"
"Delmis","10","0","7","0"
"Roche","14","0","15","12"
"Kenndy","7","0","10","0"
"Montique","5","0","41","29"
"Lisbon","5","0","11","0"
"Holloway","15","0","6","5"
"Lawrene","21","10","5","0"
"Linny","6","0","10","0"
"Arvi","10","0","10","5"
"Abney","5","0","10","0"
"Zannie","144","135","5","0"
"Tenny","31","28","11","0"
"Jer","5","0","12","5"
"Bivian","5","0","7","0"
"Mannon","7","0","5","0"
"Renzie","5","0","6","0"
"Sakae","58","52","5","0"
"Pharon","6","0","5","0"
"Java","7","0","17","13"
"Kimbrell","5","0","5","0"
"Sheon","5","0","5","0"
"Luren","5","0","5","0"
"Demeter","5","0","5","0"
"Challie","5","0","5","0"
"Mikele","5","0","65","61"
"Excel","5","0","25","24"
